player_ids,price_change_this_night,net_transfers_in_out_since_last_price_change,net_transfers_in_out_this_day,price_change_so_far_for_this_event ,total_active_players_estimate,players_injured,player_prices_today,net_transfers_in_out_overall_as_of_today,player_name
1,,0,-14,0,5133285,False,44,-52821,Balogun
2,,0,-35,0,5133285,False,39,-8774,Cédric
3,,0,3,0,5133285,False,44,-6476,M.Elneny
4,,0,-6,0,5133285,False,54,-7277,Fábio Vieira
5,,36485,31620,1,5133285,False,51,-872568,Gabriel
6,,0,-274,0,5133285,False,71,-312702,Havertz
7,,0,-12,0,5133285,True,43,-10149,Holding
8,,0,-6558,0,5133285,False,79,-29281,G.Jesus
9,,0,-10,0,5133285,False,53,-9555,Jorginho
10,,0,422,0,5133285,False,43,-2808,Kiwior
11,,0,-2,0,5133285,False,45,-11007,Marquinhos
12,,0,-3323,0,5133285,False,77,-814671,Martinelli
13,,0,-1227,0,5133285,False,52,-65567,Nketiah
14,,0,-3209,0,5133285,False,84,-975072,Ødegaard
15,,0,-11,0,5133285,True,48,-28874,Thomas
16,,0,-1,0,5133285,False,49,-5760,Pepe
17,,0,-1110,0,5133285,False,45,-1201421,Ramsdale
18,,0,-11,0,5133285,False,40,-10248,Rúnarsson
19,,0,8682,0,5133285,False,90,159657,Saka
20,,0,14796,0,5133285,False,56,1563986,Saliba
21,,0,26,0,5133285,False,49,-115,Sambi
22,,0,-50,0,5133285,False,53,-11119,Smith Rowe
23,,0,75,0,5133285,False,40,-8447,Tavares
24,,0,-2,0,5133285,False,44,-25999,Tierney
25,,0,-53,0,5133285,False,45,-9662,Tomiyasu
26,,0,2795,0,5133285,False,65,-377819,Trossard
27,,0,-310,0,5133285,False,39,112816,Trusty
28,,0,-1050,0,5133285,False,39,-111601,Turner
29,,0,-43,0,5133285,False,56,44371,White
30,,0,0,0,5133285,False,60,-1223,Xhaka
31,,0,-19676,0,5133285,False,52,218466,Zinchenko
32,,0,1499,0,5133285,False,51,236851,Alex Moreno
33,,0,4245,0,5133285,False,43,-32641,Archer
34,,0,18,0,5133285,False,56,255962,Bailey
35,,0,-4,0,5133285,True,57,-16371,Buendia
36,,0,-6928,0,5133285,False,46,677874,Cash
37,,0,3229,0,5133285,False,38,-17448,Chambers
38,,0,-8,0,5133285,False,58,-43014,Coutinho
39,,0,-11,0,5133285,False,49,-18278,Davis
40,,0,-15,0,5133285,False,49,-1192,Dendoncker
41,,0,460,0,5133285,False,44,20239,Diego Carlos
42,,0,-136,0,5133285,False,46,86947,Digne
43,,0,8944,0,5133285,False,55,614966,Douglas Luiz
44,,0,-74,0,5133285,True,50,1431,Duran
45,,0,-3,0,5133285,False,39,-6131,Hause
46,,0,3,0,5133285,False,44,-2246,Iroegbunam
47,,0,-144,0,5133285,True,50,-3326,Kamara
48,,-6667,-6528,-1,5133285,True,45,96440,Konsa
49,,0,-1553,0,5133285,False,52,431953,Martinez
50,,0,-1481,0,5133285,False,55,98588,McGinn
51,,0,-110,0,5133285,True,41,-1061582,Mings
52,,0,-220,0,5133285,True,44,-73371,Nakamba
53,,0,-15,0,5133285,False,39,-30250,Olsen
54,,0,-3,0,5133285,False,45,-10832,Philogene
55,,0,44,0,5133285,False,59,-5792,J.Ramsey
56,,0,0,0,5133285,False,45,-620,Sanson
57,,0,0,0,5133285,False,40,-381,Sinisalo
58,,0,-53,0,5133285,False,56,-74502,Tielemans
59,,0,-4,0,5133285,False,50,-1978,Bertrand Traoré
60,,-61717,-52734,-1,5133285,False,87,2734768,Watkins
61,,0,-2,0,5133285,False,50,-787,Wesley
62,,0,-3,0,5133285,False,49,-11194,Anthony
63,,0,-306,0,5133285,False,52,-48040,Billing
64,,0,-28,0,5133285,False,47,-5867,Brooks
65,,0,-17,0,5133285,False,50,2258,Christie
66,,0,-3,0,5133285,False,50,-1335,L.Cook
67,,0,0,0,5133285,False,45,-392,Siriki
68,,0,-3,0,5133285,True,43,-1602,Fredericks
69,,0,-14,0,5133285,True,40,-15492,Hill
70,,0,-14,0,5133285,False,45,310,Kelly
71,,0,-36,0,5133285,False,43,-2703,Kilkenny
72,,0,-310,0,5133285,False,46,-14141,Kluivert
73,,0,0,0,5133285,False,49,-1187,Lowe
74,,0,-16,0,5133285,False,43,-661,Marcondes
75,,0,4,0,5133285,False,43,-4583,Mepham
76,,0,-97,0,5133285,False,46,-30619,Moore
77,,0,-2039,0,5133285,False,46,238652,Neto
78,,0,6,0,5133285,False,47,-4078,O.Dango
79,,0,-1,0,5133285,False,45,-110,Pearson
80,,0,-40,0,5133285,False,40,-19790,Randolph
81,,0,-3,0,5133285,False,48,-1121,Rothwell
82,,0,-242,0,5133285,False,45,51001,Semenyo
83,,0,1388,0,5133285,False,45,291490,Senesi
84,,0,-119,0,5133285,False,44,7285,Smith
85,,-55528,-53206,-1,5133285,False,69,1931353,Solanke
86,,0,-1008,0,5133285,False,54,42135,Tavernier
87,,0,-1,0,5133285,False,47,-1536,Hamed Traorè
88,,0,7,0,5133285,False,40,-8598,Travers
89,,0,-134,0,5133285,False,44,7885,Zabarnyi
90,,0,26,0,5133285,False,44,-12238,Ajer
91,,0,-7,0,5133285,False,39,-6421,Balcombe
92,,0,104,0,5133285,False,43,-210179,Baptiste
93,,0,-10,0,5133285,False,40,-13439,Bech
94,,0,0,0,5133285,False,45,-133,Bidstrup
95,,0,0,0,5133285,False,50,-3537,Canós
96,,0,887,0,5133285,False,45,4892,Collins
97,,0,-1,0,5133285,False,40,-536,Cox
98,,0,21,0,5133285,False,48,-8020,Damsgaard
99,,0,-11,0,5133285,True,47,-9655,Dasilva
100,,0,0,0,5133285,False,45,-838,Dervişoğlu
101,,0,5218,0,5133285,False,45,76539,Flekken
102,,0,-96,0,5133285,False,39,-613,Goode
103,,0,-117,0,5133285,True,43,-171648,Henry
104,,0,-28,0,5133285,True,44,-19478,Hickey
105,,0,206,0,5133285,False,53,-2204,Janelt
106,,0,1789,0,5133285,False,54,-8675,Jensen
107,,0,14,0,5133285,False,47,3074,Lewis-Potter
108,,0,-1861,0,5133285,True,68,-441036,Mbeumo
109,,0,2499,0,5133285,False,48,-423303,Mee
110,,0,1062,0,5133285,False,53,-2355,Nørgaard
111,,0,-5,0,5133285,False,49,-475,Onyeka
112,,0,1219,0,5133285,False,46,98598,Pinnock
113,,0,4804,0,5133285,False,49,114912,Raya
114,,0,89,0,5133285,False,44,35,Roerslev
115,,0,-5,0,5133285,True,52,-7578,Schade
116,,0,-515,0,5133285,False,39,123096,Strakosha
117,,0,19136,1,5133285,False,82,783262,Toney
118,,0,-2,0,5133285,False,45,-1700,Trevitt
119,,0,-1210,0,5133285,False,56,-250093,Wissa
120,,0,225,0,5133285,False,43,-26551,Yarmoliuk
121,,0,4,0,5133285,False,43,-4046,Zanka
122,,0,65,0,5133285,False,50,-3025,Adingra
123,,0,-5,0,5133285,False,44,-10622,Alzate
124,,0,-1,0,5133285,False,45,-4570,Ayari
125,,0,91,0,5133285,False,47,-122,Buonanotte
126,,0,-36,0,5133285,False,45,-204281,Caicedo
127,,0,-1,0,5133285,False,45,-3895,Connolly
128,,0,-14,0,5133285,False,48,-10587,Dahoud
129,,0,68,0,5133285,False,50,-163857,Dunk
130,,0,-27,0,5133285,True,50,-339545,Enciso
131,,-13558,-12796,-1,5133285,False,50,-2350269,Estupiñan
132,,0,-890,0,5133285,False,58,-237177,Ferguson
133,,0,-67,0,5133285,False,49,11167,Gilmour
134,,0,8150,0,5133285,False,64,176313,Gross
135,,0,-30681,0,5133285,True,54,-1432630,João Pedro
136,,0,-3,0,5133285,False,40,-2385,Karbownik
137,,0,0,0,5133285,False,45,-131,Kozłowski
138,,0,-1,0,5133285,False,49,-3872,Lallana
139,,0,4988,0,5133285,False,39,-276876,Lamptey
140,,0,-208,0,5133285,True,61,-220313,March
141,,0,-31,0,5133285,False,39,-841,McGill
142,,0,-30,0,5133285,True,48,-14694,Milner
143,,0,374,0,5133285,False,64,-2448589,Mitoma
144,,0,3,0,5133285,False,44,-3310,Moder
145,,0,-2107,0,5133285,False,45,-71087,Sanchez
146,,0,0,0,5133285,False,45,-1575,Sarmiento
147,,0,0,0,5133285,False,40,-34,Scherpen
148,,0,1150,0,5133285,False,42,-322499,Steele
149,,0,-1,0,5133285,False,55,-4470,Undav
150,,0,2705,0,5133285,False,40,162903,Van Hecke
151,,0,26,0,5133285,False,43,-69471,Veltman
152,,0,-62,0,5133285,False,44,-15707,Verbruggen
153,,0,1,0,5133285,False,42,-17635,Webster
154,,0,1530,0,5133285,False,57,-170552,Welbeck
155,,0,-58,0,5133285,False,44,-78279,Zeqiri
156,,0,662,0,5133285,False,42,5488,Agyei
157,,0,5194,0,5133285,False,38,104942,Al-Dakhil
158,,0,0,0,5133285,False,49,-2356,Bastien
159,,0,-3,0,5133285,False,52,-13755,Benson
160,,0,-599,0,5133285,False,40,-305242,Beyer
161,,0,-142,0,5133285,False,47,-8097,Brownhill
162,,0,-4,0,5133285,False,44,-2539,Churlinov
163,,0,0,0,5133285,False,48,-1980,Cork
164,,0,-1,0,5133285,False,45,-2814,Costelloe
165,,0,-3,0,5133285,False,50,-3305,Cullen
166,,0,-115,0,5133285,False,39,-958,Egan-Riley
167,,0,3,0,5133285,False,39,-11521,Ekdal
168,,0,-326,0,5133285,False,47,1388,Foster
169,,0,-52,0,5133285,False,39,-4088,Franchi
170,,0,-4,0,5133285,False,48,-2845,Gudmundsson
171,,0,-1,0,5133285,False,40,-1760,McNally
172,,0,-12,0,5133285,False,43,-15762,Muric
173,,0,64,0,5133285,False,44,-2221,O'Shea
174,,0,-8,0,5133285,False,49,-3319,Obafemi
175,,0,0,0,5133285,False,40,-1057,Peacock-Farrell
176,,0,-69,0,5133285,False,43,-17312,Roberts
177,,0,-15,0,5133285,False,53,-12087,Rodriguez
178,,0,-2180,0,5133285,False,40,314548,Taylor
179,,0,-1,0,5133285,False,40,-1386,Thomas
180,,0,0,0,5133285,False,49,-2569,Twine
181,,0,-12,0,5133285,False,39,1467,Vigouroux
182,,0,-30,0,5133285,False,44,-5906,Vitinho
183,,0,-2,0,5133285,False,55,-14969,Weghorst
184,,0,-5,0,5133285,False,46,-10620,Zaroury
185,,0,0,0,5133285,False,40,-920,Ampadu
186,,0,-56,0,5133285,False,42,-7121,Andrey
187,,0,-6,0,5133285,False,50,-83053,Arrizabalaga
188,,0,-1,0,5133285,False,65,-2013,Aubameyang
189,,0,0,0,5133285,False,45,-100,Azpilicueta
190,,0,0,0,5133285,False,40,-289,Baba
191,,0,-202,0,5133285,False,44,1208,B.Badiashile
192,,0,8,0,5133285,False,40,-470,Bettinelli
193,,0,73,0,5133285,False,49,12631,Broja
194,,0,6,0,5133285,False,43,-16245,Chalobah
195,,0,-592,0,5133285,False,54,-1018560,Chilwell
196,,0,3726,0,5133285,False,42,-131883,Chukwuemeka
197,,0,-4131,0,5133285,False,47,76279,Colwill
198,,0,-68,0,5133285,True,48,-31737,Cucurella
199,,0,933,0,5133285,False,48,-214806,Enzo
200,,0,908,0,5133285,False,50,8306,D.D.Fofana
201,,0,-3,0,5133285,True,44,-2496,W.Fofana
202,,0,2082,0,5133285,False,54,-9844,Gallagher
203,,0,643,0,5133285,False,42,496055,Gusto
204,,0,-17,0,5133285,False,43,-10290,Hall
205,,0,1141,0,5133285,False,47,7242,Hudson-Odoi
206,,0,-522,0,5133285,True,53,-1250564,James
207,,0,-8,0,5133285,False,68,-52768,Lukaku
208,,0,-199,0,5133285,False,53,-1483,Madueke
209,,0,-63,0,5133285,True,68,-259198,Mount
210,,0,-989,0,5133285,False,63,-197148,Mudryk
211,,0,-1406,0,5133285,False,68,-1124682,N.Jackson
212,,-4905,-4905,-1,5133285,False,73,-22522,Nkunku
213,,0,0,0,5133285,False,55,-406,Pulisic
214,,0,-10,0,5133285,False,43,-4910,M.Sarr
215,,0,-4,0,5133285,False,40,-4203,Slonina
216,,0,-13002,0,5133285,False,70,286695,Sterling
217,,0,-6191,0,5133285,False,50,37861,T.Silva
218,,0,-1,0,5133285,False,54,-15448,Ziyech
219,,0,-174,0,5133285,False,43,21513,Ahamada
220,,0,-10999,-1,5133285,False,47,1166318,Andersen
221,,0,-89,0,5133285,False,54,-12204,J.Ayew
222,,0,-45,0,5133285,False,44,-4634,Clyne
223,,0,-3,0,5133285,True,49,-3588,C.Doucouré
224,,0,-7,0,5133285,False,44,-3960,Ebiowei
225,,0,-237,0,5133285,False,54,-86741,Edouard
226,,0,-3024,0,5133285,True,60,-1249446,Eze
227,,0,-30,0,5133285,False,44,-68215,Guaita
228,,-4786,-5162,-1,5133285,True,43,59070,Guéhi
229,,0,7,0,5133285,False,49,23,Hughes
230,,0,-1634,0,5133285,False,45,-17294,Johnstone
231,,0,90,0,5133285,False,47,-26995,Lerma
232,,0,-101,0,5133285,False,49,9651,Mateta
233,,0,-6,0,5133285,False,39,-2567,Matthews
234,,0,-2008,-1,5133285,False,45,234462,Mitchell
235,,0,0,0,5133285,False,40,-9977,O'Brien
236,,-6731,-6731,-1,5133285,True,58,79688,Olise
237,,0,0,0,5133285,False,45,-1565,Plange
238,,0,110,0,5133285,False,39,9478,C.Richards
239,,0,19,0,5133285,False,43,-1620,Riedewald
240,,0,-38,0,5133285,False,49,-8560,Schlupp
241,,0,-38,0,5133285,False,40,-47990,Tomkins
242,,0,-14,0,5133285,False,45,-11228,Ward
243,,0,39,0,5133285,False,39,-27576,Whitworth
244,,0,-54,0,5133285,True,44,-17469,André Gomes
245,,0,7337,1,5133285,False,42,436430,Branthwaite
246,,0,312,0,5133285,False,58,-19806,Calvert-Lewin
247,,0,21,0,5133285,False,44,-3078,Coleman
248,,0,-1,0,5133285,True,48,-2821,Dele
249,,0,-488,0,5133285,False,55,9557,A.Doucoure
250,,0,-51,0,5133285,False,49,2627,Garner
251,,0,-1,0,5133285,False,44,-2155,Gbamin
252,,0,22,0,5133285,False,43,-7350,Godfrey
253,,0,-6,0,5133285,False,53,-29110,Gray
254,,0,5,0,5133285,False,48,-2788,Gana
255,,0,-13,0,5133285,False,40,-132312,Holgate
256,,0,-257,0,5133285,False,53,-50383,Iwobi
257,,0,-41,0,5133285,False,43,-10533,Keane
258,,0,4129,0,5133285,False,49,6327,Maupay
259,,0,-439,0,5133285,False,54,19225,McNeil
260,,0,-474,0,5133285,False,46,577028,Mykolenko
261,,0,15,0,5133285,False,47,-12764,Onana
262,,0,-51,0,5133285,False,44,-8498,Patterson
263,,0,9055,0,5133285,False,45,-342387,Pickford
264,,0,-2,0,5133285,False,45,-3661,Simms
265,,0,-1513,0,5133285,False,46,366194,Tarkowski
266,,0,-81,0,5133285,False,39,-9260,J.Virginia
267,,0,-1111,0,5133285,False,53,-17717,Andreas
268,,0,-52,0,5133285,False,49,3156,Cairney
269,,0,0,0,5133285,False,50,-1008,I.Cavaleiro
270,,0,299,0,5133285,False,53,-692,De Cordova-Reid
271,,0,47,0,5133285,False,44,-27517,Diop
272,,0,-5,0,5133285,False,44,-1597,Francois
273,,0,0,0,5133285,False,44,-7101,Knockaert
274,,0,-5,0,5133285,False,40,-9623,Kongolo
275,,0,-6307,0,5133285,False,48,741930,Leno
276,,0,-13,0,5133285,False,43,-16050,Lukić
277,,0,-25,0,5133285,False,40,-37756,Mbabu
278,,0,-26,0,5133285,False,74,-341191,Mitrović
279,,0,5386,0,5133285,False,44,7149,Muniz
280,,0,-128,0,5133285,False,50,11026,J.Palhinha
281,,0,-165,0,5133285,False,45,-3972,Ream
282,,0,-32,0,5133285,False,45,-60955,Reed
283,,0,350,0,5133285,False,44,100464,Robinson
284,,0,-22,0,5133285,False,39,-8311,Rodák
285,,0,-235,0,5133285,True,44,-37399,Tete
286,,0,-299,0,5133285,False,43,16016,Tosin
287,,0,-670,0,5133285,False,45,-284171,Vinícius
288,,0,-59,0,5133285,False,53,-8894,Wilson
289,,0,-49,0,5133285,False,39,-9493,Adrián
290,,0,-40184,0,5133285,False,86,320608,Alexander-Arnold
291,,0,1414,1,5133285,False,58,434366,A.Becker
292,,0,-1,0,5133285,True,47,-3970,Bajcetic
293,,0,54153,1,5133285,False,76,410682,Darwin
294,,0,54186,0,5133285,False,82,1778985,Diogo J.
295,,0,2572,0,5133285,False,48,386,Elliott
296,,0,0,0,5133285,False,50,-1107,Fabinho
297,,0,-144,0,5133285,False,72,-430517,Gakpo
298,,0,1418,0,5133285,False,46,181875,Gomez
299,,0,0,0,5133285,False,50,-812,Henderson
300,,0,711,0,5133285,False,49,3426,Jones
301,,0,3452,0,5133285,False,37,135217,Kelleher
302,,0,5471,0,5133285,False,49,-4270,Konaté
303,,32226,33068,1,5133285,False,75,230198,Luis Díaz
304,,0,2201,0,5133285,False,58,-833480,Mac Allister
305,,0,-51,0,5133285,True,48,-12610,Matip
306,,0,-13,0,5133285,False,40,-16459,Phillips
307,,0,9950,0,5133285,False,64,-173648,Robertson
308,,0,-223,0,5133285,False,130,-1082997,Salah
309,,0,-5404,0,5133285,True,71,-90959,Szoboszlai
310,,0,-24,0,5133285,True,47,-17583,Thiago
311,,0,-54,0,5133285,False,45,128149,Tsimikas
312,,0,-6,0,5133285,False,40,-2498,Van den Berg
313,,0,13551,1,5133285,False,64,538379,Virgil
314,,0,17223,0,5133285,False,49,372615,Adebayo
315,,0,-323,0,5133285,True,39,-17818,Andersen
316,,0,3857,0,5133285,False,39,-433953,Bell
317,,0,14,0,5133285,False,46,-4972,Berry
318,,0,350,0,5133285,False,40,4817,Burke
319,,0,0,0,5133285,False,49,-3715,Campbell
320,,0,8,0,5133285,False,48,-521,Clark
321,,0,4810,0,5133285,False,46,778058,Doughty
322,,0,0,0,5133285,False,49,-1873,Freeman
323,,0,-33,0,5133285,False,40,-42958,Macey
324,,0,-88,0,5133285,False,45,-231031,McAtee
325,,0,-1,0,5133285,False,45,-1481,Mendes
326,,0,11026,0,5133285,False,50,158173,Morris
327,,0,-14,0,5133285,False,45,-17537,Muskwe
328,,0,93,0,5133285,False,49,-2736,Ogbene
329,,0,0,0,5133285,False,50,-203,Onyedinma
330,,0,617,0,5133285,False,44,15775,Osho
331,,0,-8,0,5133285,False,45,-16846,Pepple
332,,0,-7,0,5133285,False,44,-15977,Pereira
333,,0,102,0,5133285,False,39,-1171,Potts
334,,0,-2,0,5133285,False,44,-4489,Rea
335,,0,-10,0,5133285,False,43,-10187,Shea
336,,0,-9,0,5133285,False,45,-25548,Taylor
337,,0,0,0,5133285,False,45,-606,Thorpe
338,,0,0,0,5133285,False,40,-846,Walton
339,,0,-16,0,5133285,False,44,-25438,Watson
340,,0,292,0,5133285,False,43,-23620,Woodrow
341,,0,-1213,0,5133285,False,49,-173599,Akanji
342,,0,24216,0,5133285,False,50,164935,Aké
343,,0,-32773,0,5133285,False,68,2129658,J.Alvarez
344,,0,-5131,0,5133285,False,64,-79391,Bernardo
345,,0,-72,0,5133285,False,44,2650,Bobb
346,,0,-30,0,5133285,False,58,-250695,Cancelo
347,,0,-16,0,5133285,False,38,-1644,Carson
348,,0,0,0,5133285,False,45,-36,Charles
349,,0,-4858,0,5133285,False,108,1841984,De Bruyne
350,,0,1002,0,5133285,False,55,-168050,Rúben
351,,0,13,0,5133285,False,44,2158,Doyle
352,,0,2454,0,5133285,False,55,-222966,Ederson M.
353,,0,19565,0,5133285,False,80,2216256,Foden
354,,0,-447,0,5133285,False,72,-401640,Grealish
355,,89088,82962,1,5133285,False,144,-1687560,Haaland
356,,0,-49,0,5133285,False,47,-76281,Kovačić
357,,0,-6,0,5133285,False,49,-32169,Laporte
358,,0,-240,0,5133285,False,43,-21783,R.Lewis
359,,0,0,0,5133285,False,75,-5612,Mahrez
360,,0,1081,0,5133285,False,44,74085,McAtee
361,,0,-401,0,5133285,False,38,-9958,Ortega Moreno
362,,0,-9695,0,5133285,False,59,4019602,Palmer
363,,0,0,0,5133285,False,44,-1957,Perrone
364,,0,-46,0,5133285,False,47,-698,Phillips
365,,0,2670,0,5133285,False,56,-47297,Rodrigo
366,,0,385,0,5133285,False,38,-18125,Sergio Gómez
367,,0,-118,0,5133285,False,39,-1983,Steffen
368,,0,1012,0,5133285,False,53,-2130918,Stones
369,,0,-9993,0,5133285,False,55,1128480,Walker
370,,0,0,0,5133285,False,45,-718,Alex Telles
371,,0,5,0,5133285,False,44,-2603,Amad
372,,0,-64,0,5133285,False,68,-84394,Antony
373,,0,-4803,0,5133285,False,82,-1605513,B.Fernandes
374,,0,-8,0,5133285,False,40,-11822,B.Williams
375,,0,-13,0,5133285,False,40,-13815,Bailly
376,,0,-27,0,5133285,False,53,-302800,Casemiro
377,,0,7024,0,5133285,False,51,138789,Dalot
378,,0,1310,0,5133285,False,51,64478,Elanga
379,,0,-57,0,5133285,False,58,-31841,Eriksen
380,,0,-7,0,5133285,False,40,-20517,Fernandez
381,,0,-4,0,5133285,False,50,-10506,Fred
382,,0,12327,0,5133285,False,49,521792,Garnacho
383,,0,-66,0,5133285,False,43,1583,Hannibal
384,,0,-12,0,5133285,False,40,-5855,Heaton
385,,0,17,0,5133285,False,44,-11135,Henderson
386,,0,8,0,5133285,False,45,-3236,Lindelof
387,,0,6860,0,5133285,False,42,63679,Maguire
388,,0,1248,0,5133285,False,44,50790,Mainoo
389,,0,-1,0,5133285,True,43,-4087,Malacia
390,,0,-41,0,5133285,True,64,-14899,Martial
391,,0,-587,0,5133285,True,47,-494351,Martinez
392,,0,4738,0,5133285,False,46,114802,McTominay
393,,0,-184,0,5133285,False,39,154969,Mengi
394,,0,-201,0,5133285,False,42,1310,Pellistri
395,,0,47,0,5133285,False,49,-171188,R.Varane
396,,0,-4270,0,5133285,False,84,-3483610,Rashford
397,,0,-9,0,5133285,False,67,-62934,Sancho
398,,0,-424,0,5133285,False,52,-2032155,Shaw
399,,0,23,0,5133285,False,44,-1466,Shoretire
400,,0,-4,0,5133285,False,47,-3329,Van de Beek
401,,0,-724,0,5133285,False,44,-130119,Wan-Bissaka
402,,0,-2226,0,5133285,False,61,-413917,Almirón
403,,0,43,0,5133285,True,42,-404853,Anderson
404,,0,-2,0,5133285,False,40,-2287,Ashby
405,,0,781,0,5133285,False,45,-1157036,Botman
406,,0,5207,0,5133285,False,58,-127384,Bruno G.
407,,0,-867,0,5133285,False,44,171796,Burn
408,,0,-2,0,5133285,False,40,-988,Darlow
409,,0,-288,0,5133285,False,42,822389,Dubravka
410,,0,0,0,5133285,False,49,-3935,Fraser
411,,0,-2,0,5133285,False,39,-484,Gillespie
412,,0,-14362,0,5133285,False,61,1517431,Gordon
413,,0,0,0,5133285,False,44,-3957,Hayden
414,,0,-2,0,5133285,False,44,-4289,Hendrick
415,,0,-16430,0,5133285,True,75,-966690,Isak
416,,0,-205,0,5133285,True,58,-76734,Joelinton
417,,0,1,0,5133285,False,44,-583,Krafth
418,,0,-1,0,5133285,False,45,-651,Kuol
419,,0,-1025,-1,5133285,False,40,278417,Lascelles
420,,0,0,0,5133285,False,40,-874,J.Lewis
421,,0,287,0,5133285,False,48,22126,Longstaff
422,,0,-12,0,5133285,False,40,-3299,Manquillo
423,,0,-122,0,5133285,False,48,-13505,J.Murphy
424,,0,-1461,0,5133285,True,53,-663858,Pope
425,,0,46,0,5133285,False,43,-5667,Ritchie
426,,0,0,0,5133285,False,60,-5372,Saint-Maximin
427,,0,9893,0,5133285,False,53,530347,Schär
428,,0,-11,0,5133285,True,42,-12221,Targett
429,,0,-69,0,5133285,False,52,-152849,Tonali
430,,0,2483,0,5133285,False,68,853710,Trippier
431,,0,-9,0,5133285,False,40,-8332,Watts
432,,0,-8,0,5133285,True,53,-16851,Willock
433,,0,-1876,0,5133285,False,78,-577979,Wilson
434,,0,-2,0,5133285,False,45,-1133,B.Aguilera
435,,0,16,0,5133285,False,43,2457,Arter
436,,0,-302,0,5133285,False,45,-9805,Aurier
437,,0,214,0,5133285,False,63,-14243,Awoniyi
438,,0,-10,0,5133285,False,39,-7946,Biancone
439,,0,-150,0,5133285,False,45,3550,Boly
440,,0,0,0,5133285,False,45,-351,Bowler
441,,0,0,0,5133285,False,45,-2336,Cook
442,,0,-45,0,5133285,False,53,-7478,Danilo
443,,0,-15,0,5133285,False,48,-45578,Dennis
444,,0,-7,0,5133285,False,40,-9892,Dräger
445,,0,10,0,5133285,False,44,-2090,Felipe
446,,0,0,0,5133285,False,49,-1882,Freuler
447,,0,-457,0,5133285,False,57,-120534,Gibbs-White
448,,0,-4,0,5133285,False,40,-11661,Hennessey
449,,0,-22,0,5133285,False,43,-6663,Horvath
450,,0,-95,0,5133285,False,58,-7592,Johnson
451,,0,4,0,5133285,False,48,-1581,Kouyaté
452,,0,-1,0,5133285,False,45,-502,Laryea
453,,0,-17,0,5133285,False,50,-1212,Mangala
454,,0,-5,0,5133285,False,40,-7215,Mbe Soh
455,,0,-26,0,5133285,False,44,-5170,McKenna
456,,0,-1,0,5133285,False,44,-2480,Mighten
457,,0,8,0,5133285,False,45,-1260,Niakhaté
458,,0,-1,0,5133285,False,49,-1140,O'Brien
459,,0,0,0,5133285,False,45,-390,Ojeda
460,,0,-7,0,5133285,False,40,-8995,Panzo
461,,0,-3,0,5133285,False,44,-3807,O.Richards
462,,0,-2,0,5133285,False,45,-5095,G.Scarpa
463,,0,0,0,5133285,False,48,-2567,J.Shelvey
464,,0,-13,0,5133285,False,45,-27416,Surridge
465,,0,-102,0,5133285,False,44,4971,Toffolo
466,,0,-45,0,5133285,False,44,-105701,Ui-jo
467,,0,21,0,5133285,False,43,-11142,Williams
468,,0,-2875,0,5133285,True,49,23038,Wood
469,,0,-31,0,5133285,False,43,-4486,Worrall
470,,0,-1,0,5133285,False,48,-2216,Yates
471,,0,-16,0,5133285,False,43,-26804,Ahmedhodžić
472,,0,-70,0,5133285,False,39,-1977,Amissah
473,,0,-632,0,5133285,False,38,-793792,Baldock
474,,0,-106,0,5133285,True,39,-15743,Basham
475,,0,-27,0,5133285,False,47,-8885,Berge
476,,0,-45,0,5133285,False,45,2522,Bogle
477,,0,4,0,5133285,False,49,-5053,Brewster
478,,0,-14,0,5133285,False,44,-1846,Coulibaly
479,,0,0,0,5133285,False,40,-5581,A.Davies
480,,0,-13,0,5133285,True,43,-10698,Egan
481,,0,-5,0,5133285,False,49,-678,Fleck
482,,0,-68,0,5133285,False,45,-3307,Foderingham
483,,0,-3,0,5133285,False,48,-1001,Jebbison
484,,0,32,0,5133285,False,43,-5598,Lowe
485,,0,-55,0,5133285,False,54,-1949,McBurnie
486,,0,0,0,5133285,False,55,-2157,Ndiaye
487,,0,-135,0,5133285,False,39,8648,Norrington-Davies
488,,0,-3,0,5133285,False,48,-799,Norwood
489,,0,3,0,5133285,False,48,-2006,Osborn
490,,0,-474,0,5133285,False,43,-49934,Osula
491,,0,1,0,5133285,False,39,-5908,Austin
492,,0,-53,0,5133285,False,54,2351,Bentancur
493,,0,37,0,5133285,False,50,-11858,Bissouma
494,,0,4,0,5133285,False,49,20,Bryan
495,,0,-76,0,5133285,False,43,-38281,Davies
496,,0,-126,0,5133285,False,42,-71701,Dier
497,,0,-177,0,5133285,False,43,-33522,E.Royal
498,,0,2182,0,5133285,False,38,-173961,Forster
499,,0,-23,0,5133285,False,52,-34601,Højbjerg
500,,0,-25,0,5133285,False,125,-320810,Kane
501,,0,-4162,0,5133285,False,69,83158,Kulusevski
502,,0,-184,0,5133285,False,47,-40863,Lloris
503,,0,-44,0,5133285,False,48,-7896,Lo Celso
504,,0,-9806,0,5133285,False,80,-261614,Maddison
505,,0,-6,0,5133285,False,44,-37896,Ndombele
506,,-32419,-31080,-1,5133285,False,58,3002272,Pedro Porro
507,,0,-58,0,5133285,False,47,-233403,Perišić
508,,0,7325,0,5133285,False,44,36613,Reguilón
509,,0,-23381,0,5133285,False,72,1454295,Richarlison
510,,0,-4,0,5133285,False,40,-14413,Rodon
511,,0,-735,0,5133285,False,49,363164,Romero
512,,0,-2,0,5133285,False,44,-12553,Sánchez
513,,0,2933,0,5133285,False,44,33964,Sarr
514,,0,-2,0,5133285,True,44,-358,Sessegnon
515,,0,1,0,5133285,False,45,-15200,Skipp
516,,0,11549,0,5133285,False,96,785793,Son
517,,0,-23,0,5133285,False,40,-40141,Spence
518,,0,-33,0,5133285,False,40,-56434,Tanganga
519,,0,1223,0,5133285,False,49,815034,Udogie
520,,0,-5208,0,5133285,False,53,630932,Vicario
521,,0,-54,0,5133285,True,39,-7447,Whiteman
522,,0,-34,0,5133285,False,44,-21470,N.Aguerd
523,,0,-328,0,5133285,True,57,-139064,Antonio
524,,0,-6312,0,5133285,False,42,1449387,Areola
525,,0,-130,0,5133285,False,56,-60788,Benrahma
526,,0,-47280,-1,5133285,False,78,1370604,Bowen
527,,0,-3,0,5133285,False,52,-4148,Cornet
528,,0,-2442,0,5133285,False,46,204471,Coufal
529,,0,-23,0,5133285,False,43,-4172,Coventry
530,,0,-24,0,5133285,False,42,-64510,Cresswell
531,,0,-1,0,5133285,False,50,-1881,Downes
532,,0,-3067,0,5133285,False,45,209348,Emerson
533,,0,-240,0,5133285,False,42,-169107,Fabianski
534,,0,-30,0,5133285,False,46,-6552,P.Fornals
535,,0,-37,0,5133285,False,56,-125620,Ings
536,,0,1,0,5133285,False,44,-3358,Johnson
537,,0,-35,0,5133285,False,42,-9182,Kehrer
538,,0,2599,0,5133285,False,42,-636812,Mubama
539,,0,-983,0,5133285,True,60,-62642,L.Paquetá
540,,0,8975,0,5133285,False,54,-184959,Rice
541,,0,0,0,5133285,False,60,-4992,Scamacca
542,,0,-1242,0,5133285,False,49,8187,Souček
543,,0,-1,0,5133285,False,45,-13759,Vlašić
544,,0,-692,0,5133285,False,45,21728,Zouma
545,,0,253,0,5133285,False,45,3604,Aït-Nouri
546,,0,-294,0,5133285,False,39,51621,Bentley
547,,0,-49,0,5133285,False,40,-47796,Bolla
548,,0,-9,0,5133285,False,44,-6961,H.Bueno
549,,0,0,0,5133285,False,45,-761,Chiquinho
550,,0,-2,0,5133285,False,45,-1954,Cundle
551,,0,-658,0,5133285,False,45,55717,Dawson
552,,0,-22,0,5133285,False,52,-16397,Fábio Silva
553,,0,-18,0,5133285,False,42,-9661,Giles
554,,0,-2,0,5133285,False,54,-6731,Guedes
555,,0,-5,0,5133285,False,44,-5817,Hodge
556,,0,-6,0,5133285,False,40,-5300,Hoever
557,,0,-4584,0,5133285,False,55,275743,Hee Chan
558,,0,-1480,0,5133285,True,51,-49508,Raúl
559,,0,-6,0,5133285,False,49,-2453,João Gomes
560,,0,-9,0,5133285,False,43,-4267,J.Otto
561,,0,41,0,5133285,False,43,-6745,Jordão
562,,0,-26,0,5133285,False,49,-7801,Kalajdžić
563,,0,-121,0,5133285,False,45,34269,Kilman
564,,0,15,0,5133285,False,39,-15926,King
565,,0,-185,0,5133285,False,49,6327,Mario Jr.
566,,0,10,0,5133285,False,48,-15264,Matheus N.
567,,0,-1496,0,5133285,False,57,277644,Neto
568,,0,-2,0,5133285,False,53,-10850,Podence
569,,0,-437,0,5133285,False,50,-3732,José Sá
570,,0,-172,0,5133285,False,47,13088,Sarabia
571,,0,-41,0,5133285,False,40,-28761,Šarkić
572,,0,-357,0,5133285,False,45,22102,N.Semedo
573,,0,-138,0,5133285,False,44,13480,Toti
574,,0,46,0,5133285,False,43,-24980,Boubacar Traore
575,,0,-52,0,5133285,True,42,-8740,Lockyer
576,,0,-11,0,5133285,False,43,-3071,Robinson
577,,0,-37,0,5133285,False,43,-2647,Ogbonna
578,,0,6,0,5133285,False,48,-1319,Nelson
579,,0,-15,0,5133285,False,39,-1639,Lonergan
580,,0,-20,0,5133285,False,39,-3414,Karius
581,,0,-51,0,5133285,False,39,8144,Dummett
582,,0,9,0,5133285,False,47,-3351,Mpanzu
583,,0,-4,0,5133285,True,51,-9855,Solomon
584,,0,-1513,0,5133285,False,46,54085,Pau
585,,0,-27,0,5133285,True,46,-467273,J.Timber
586,,0,-3,0,5133285,False,47,-6707,Chong
587,,0,-1,0,5133285,False,47,-4528,Slimane
588,,0,44,0,5133285,False,44,-43531,Young
589,,0,0,0,5133285,False,50,-1004,Ângelo
590,,0,-25857,0,5133285,False,58,671232,Cunha
591,,0,-500,0,5133285,False,53,283,Willian
592,,0,-3,0,5133285,False,43,-3175,Larouci
593,,0,-7,0,5133285,False,51,-5246,T.Bénie
594,,0,-150,0,5133285,False,53,6786,Amdouni
595,,0,-44,0,5133285,False,44,-8947,Kerkez
596,,0,-152,0,5133285,False,45,-5204,Trafford
597,,0,3210,0,5133285,False,48,-1568139,Onana
598,,0,-60,0,5133285,False,43,-8255,Doherty
599,,0,-10296,-1,5133285,False,64,16753,Diaby
600,,0,-7,0,5133285,True,47,-4048,Redmond
601,,0,-49,0,5133285,True,52,-9431,Danjuma
602,,0,-796,0,5133285,False,40,-271532,Kaboré
603,,0,-313,0,5133285,False,62,-239536,Barnes
604,,0,-105,0,5133285,False,45,1982,Aina
605,,0,-17,0,5133285,True,48,-220,Koleosho
606,,0,-16,0,5133285,False,43,-5453,Igor
607,,0,-1,0,5133285,False,44,-4039,Radu
608,,-2,-2,-1,5133285,False,48,-635,Bruun Larsen
609,,0,-8,0,5133285,False,51,-7870,Maatsen
610,,0,-19,0,5133285,False,44,-19773,Bassey
611,,0,-2462,0,5133285,False,49,122467,Disasi
613,,0,-49,0,5133285,True,44,-2606,Ugochukwu
614,,0,363,0,5133285,False,45,41206,Kaminski
615,,0,25,0,5133285,False,48,-630,Matheus França
616,,0,-1392,0,5133285,False,48,-61820,Gvardiol
617,,0,35090,0,5133285,False,70,567006,Højlund
618,,0,-6,0,5133285,False,45,-744,Kellyman
619,,0,-101,0,5133285,False,40,-3008,Greenwood
620,,0,-9,0,5133285,False,45,-290,Olakigbe
621,,0,-460,0,5133285,False,45,12392,Hinshelwood
622,,0,-3,0,5133285,False,40,-3099,Dodgson
623,,0,-5,0,5133285,False,45,-9843,Burstow
624,,0,-9,0,5133285,False,45,598,Dobbin
625,,0,43,0,5133285,False,39,-827,De Fougerolles
626,,0,345,0,5133285,False,40,9698,Quansah
627,,0,1,0,5133285,False,44,-624,Clark
628,,0,-1,0,5133285,True,43,-2884,Doak
629,,0,0,0,5133285,False,44,-504,McConnell
630,,0,5650,0,5133285,False,50,175187,Barkley
631,,0,-13,0,5133285,False,49,-1050,Brown
632,,0,3,0,5133285,False,44,-464,Forson
633,,0,-904,0,5133285,False,42,65898,Livramento
634,,0,44,0,5133285,False,39,189,A.Murphy
635,,0,77,0,5133285,False,45,14039,Miley
636,,0,-2,0,5133285,False,39,-1194,G.Shelvey
637,,0,131,0,5133285,False,39,452,Powell
638,,0,126,0,5133285,False,50,703,Vini Souza
639,,0,802,0,5133285,False,44,81613,Van de Ven
640,,0,30,0,5133285,False,45,-22263,Scarlett
641,,0,-12,0,5133285,False,54,-3599,Veliz
642,,0,-30,0,5133285,False,50,-1941,Álvarez
643,,0,-29,0,5133285,True,44,-2557,Aarons
644,,0,-32,0,5133285,False,49,1337,Scott
645,,0,28,0,5133285,False,48,-2543,Y. Chermiti
646,,0,8,0,5133285,False,40,691,Hein
647,,0,3,0,5133285,False,40,1071,Anang
648,,0,0,0,5133285,False,40,-705,Francis-Clarke
649,,0,-1,0,5133285,False,45,-1337,Cannon
650,,0,3,0,5133285,False,44,161,Onyango
651,,0,0,0,5133285,False,45,-766,Stansfield
652,,0,0,0,5133285,False,45,10,Dibley-Dias
653,,0,-42,0,5133285,False,39,839,Seriki
654,,0,0,0,5133285,False,45,-1267,Marsh
655,,0,-7,0,5133285,False,44,731,Brooks
656,,0,-26,0,5133285,False,44,-2,Hackford
657,,0,-6,0,5133285,True,45,271,Rak-Sakyi
658,,0,-2,0,5133285,False,45,-2445,Gordon
659,,0,4,0,5133285,False,39,260,Bergström
660,,0,-62,0,5133285,False,50,4185,Odobert
661,,0,-129,0,5133285,False,55,11464,Harrison
662,,0,9,0,5133285,False,49,-612,Adama
663,,0,-178,0,5133285,False,50,7985,Hamer
664,,0,-9220,0,5133285,False,60,697327,Ward-Prowse
665,,0,-1,0,5133285,False,44,-8,Krul
666,,0,0,0,5133285,False,50,-112,T.Davies
667,,0,-1,0,5133285,True,49,-231,Lavia
668,,0,132,0,5133285,False,54,1573,Endo
669,,0,-13,0,5133285,False,40,563,Vítek
670,,0,-10,0,5133285,False,40,611,Marschall
671,,0,0,0,5133285,False,40,-362,Humphreys
672,,0,-13,0,5133285,False,54,859,Zaniolo
673,,0,1,0,5133285,True,49,43,Adams
674,,0,19,0,5133285,False,40,733,Delcroix
675,,0,16,0,5133285,False,50,1545,A.Ramsey
676,,0,-358,0,5133285,False,45,15241,Mavropanos
677,,0,27,0,5133285,False,45,1968,Deivid
678,,0,471,0,5133285,False,65,184983,Doku
679,,0,-222,0,5133285,True,44,3832,G.Montiel
680,,0,-6,0,5133285,False,40,96,Beach
681,,0,-3,0,5133285,False,45,-28,Diego Moreira
682,,0,5,0,5133285,False,40,1089,Johnson
683,,0,-8,0,5133285,False,45,477,Harris
684,,0,8,0,5133285,False,45,420,Brierley
685,,0,-1,0,5133285,False,45,36,Gore
686,,0,-7,0,5133285,False,40,795,Zych
687,,0,-1105,0,5133285,False,45,114855,Petrović
688,,0,-405,0,5133285,False,45,56346,Castagne
689,,0,-4221,0,5133285,False,68,288612,Kudus
690,,0,4,0,5133285,False,45,3276,Baleba
691,,0,11,0,5133285,False,57,6048,Beto
692,,0,-2,0,5133285,False,40,1238,Benda
693,,0,-37,0,5133285,False,40,1978,Thomas
694,,0,-1,0,5133285,False,49,-56,Massengo
695,,0,-87,0,5133285,False,40,6601,Altay
696,,0,-31,0,5133285,False,45,5190,Murillo
697,,0,-10,0,5133285,False,45,373,S.Bueno
698,,0,3,0,5133285,False,50,106,González
699,,0,215,0,5133285,False,45,15499,Lenglet
700,,0,22,0,5133285,False,64,12310,Ansu Fati
701,,0,24,0,5133285,False,45,2148,Ghoddos
702,,0,-18,0,5133285,False,40,1319,Phillips
703,,0,-373,0,5133285,False,40,78384,Evans
704,,0,51,0,5133285,False,45,3046,Fraser
705,,0,-58,0,5133285,False,55,3183,Sinisterra
706,,0,-2,0,5133285,False,53,282,M.Trésor
707,,0,1,0,5133285,False,45,512,Ballo-Touré
708,,0,-15,0,5133285,False,50,4525,Gravenberch
709,,0,-11,0,5133285,False,50,3316,Amrabat
710,,0,-34,0,5133285,False,45,2253,Odysseas
711,,0,-14,0,5133285,False,45,-28,Omobamidele
712,,0,9,0,5133285,False,50,1770,Dominguez
713,,0,-1,0,5133285,False,49,98,Sangaré
714,,0,102,0,5133285,False,50,3042,Origi
715,,0,-9,0,5133285,False,49,788,Bellegarde
716,,0,33,0,5133285,False,40,1090,Gilchrist
717,,0,7,0,5133285,False,45,1126,Stutter
718,,0,-3,0,5133285,False,45,113,Matos
719,,0,-2,0,5133285,False,45,220,Hunt
720,,0,-11,0,5133285,False,45,842,Ola-Adebomi
721,,0,-3,0,5133285,False,45,241,Ozoh
722,,0,27,0,5133285,False,45,1663,Donley
723,,0,-2,0,5133285,False,40,280,Brooking
724,,0,3,0,5133285,False,45,183,Raymond
725,,0,35,0,5133285,False,40,633,Kim Ji-Soo
726,,0,-3,0,5133285,False,40,158,Chambers
727,,0,-82,0,5133285,False,50,10281,Townsend
728,,0,44,0,5133285,False,39,594,Scanlon
729,,0,-1,0,5133285,False,45,113,Luker
730,,0,4,0,5133285,False,44,148,Oné
731,,0,-4,0,5133285,False,40,267,Buyabu
732,,0,-2,0,5133285,False,40,506,Tanton
733,,0,30,0,5133285,False,40,1502,Adedokun
734,,0,9,0,5133285,False,45,336,Nelson
735,,0,-4,0,5133285,False,45,126,Sagoe
736,,0,6,0,5133285,False,40,1166,Walters
737,,0,-6,0,5133285,False,45,70,Ibrahim
738,,0,2,0,5133285,False,45,326,Diallo
739,,0,28,0,5133285,False,45,1137,Parkinson
740,,0,16,0,5133285,False,40,561,Dorrington
741,,0,32,0,5133285,False,45,1240,O’Mahony
742,,0,3,0,5133285,False,45,234,Baker-Boaitey
743,,0,0,0,5133285,False,45,26,Nyoni
744,,0,-1,0,5133285,False,45,14,Peart-Harris
745,,0,-14,0,5133285,False,44,453,Ndiweni
746,,0,24,0,5133285,False,40,1318,Jackson
747,,0,4,0,5133285,False,44,174,Duffus
748,,0,-1,0,5133285,False,45,119,Hugill
749,,0,3,0,5133285,False,45,103,Whittingham
750,,0,5,0,5133285,False,44,175,Chirewa
751,,0,13,0,5133285,False,40,1020,Hubner
752,,0,14,0,5133285,False,40,422,Angelini
753,,0,6,0,5133285,False,40,216,Kavanagh
754,,0,1,0,5133285,False,45,141,Yago Santiago
755,,0,2,0,5133285,False,45,92,Barrington
756,,0,0,0,5133285,False,40,-14,Pitaluga
757,,0,5139,0,5133285,False,41,215162,Bradley
758,,0,1,0,5133285,False,45,42,Castledine
759,,0,-2,0,5133285,False,44,135,Peck
760,,0,0,0,5133285,False,45,54,Metcalfe
761,,0,-8,0,5133285,False,40,144,Campbell
762,,0,-1,0,5133285,False,45,29,Susoho
763,,0,-7,0,5133285,False,40,240,Adaramola
764,,0,5,0,5133285,False,45,95,Lewis-Skelly
765,,0,14,0,5133285,False,40,228,Proctor
766,,0,23,0,5133285,False,39,642,Kambwala
767,,0,0,0,5133285,False,45,133,O'Reilly
768,,0,8,0,5133285,False,40,157,Bennett
769,,0,0,0,5133285,False,45,22,Hesketh
770,,0,-1,0,5133285,False,45,185,Barnett
771,,0,4,0,5133285,False,45,37,Hamilton
772,,0,8,0,5133285,False,45,62,Nwaneri
773,,0,1,0,5133285,False,45,52,Orford
774,,0,10,0,5133285,False,40,367,Casey
775,,0,-611,0,5133285,False,50,16305,Brereton Díaz
776,,-2265,-2265,-1,5133285,False,64,69511,Werner
777,,0,-75,0,5133285,False,44,3955,Drăgușin
778,,0,8,0,5133285,False,40,137,Wright
779,,0,3,0,5133285,False,45,55,McDonnell
780,,0,18,0,5133285,False,45,202,Osong
781,,0,32,0,5133285,False,45,300,Gardner
782,,0,0,0,5133285,False,45,7,Beck
783,,0,8,0,5133285,False,45,154,Gordon
784,,0,7,0,5133285,False,40,213,Scarles
785,,0,0,0,5133285,False,45,14,Marshall
786,,0,2,0,5133285,False,45,26,Peupion
787,,0,1,0,5133285,False,45,74,Griffiths
788,,0,0,0,5133285,False,40,11,Mosquera
789,,0,2,0,5133285,False,40,172,Valdimarsson
790,,0,3,0,5133285,False,45,161,Grbić
791,,0,8,0,5133285,False,45,124,Casadei
792,,0,8,0,5133285,False,45,1808,Muñoz
793,,0,34,0,5133285,False,40,294,Kesler-Hayden
794,,0,13,0,5133285,False,45,116,White
795,,0,4,0,5133285,False,45,36,Hernes
796,,0,1,0,5133285,False,45,37,Sekularac
797,,0,21,0,5133285,False,40,229,Fredrick
798,,0,-1,0,5133285,False,40,188,Hashioka
799,,0,3,0,5133285,False,50,54,Faivre
800,,0,14,0,5133285,False,50,272,N.Lemina
801,,0,0,0,5133285,False,50,990,Reyna
802,,0,10,0,5133285,False,40,187,Kinsey-Wellings
803,,0,17,0,5133285,False,50,281,Rogers
804,,0,31,0,5133285,False,50,686,Enes Ünal
805,,0,130,0,5133285,False,40,3555,Assignon
806,,0,19,0,5133285,False,40,238,Estève
807,,0,26,0,5133285,False,50,485,Wharton
808,,0,38,0,5133285,False,45,725,Sels
809,,0,10,0,5133285,False,45,323,Ribeiro
810,,0,-1,0,5133285,False,45,102,King
811,,0,3,0,5133285,False,45,19,Sadi
812,,0,26,0,5133285,False,45,72,Koumas
813,,0,5,0,5133285,False,40,11,Mrozek
814,,0,4,0,5133285,False,45,9,Wright
815,,0,0,0,5133285,False,45,2,Bandeira
