player_ids,price_change_this_night,net_transfers_in_out_since_last_price_change,net_transfers_in_out_since_yesterday,price_change_so_far_for_this_event ,total_active_players_estimate,players_injured,player_prices_today,net_transfers_in_out_overall_as_of_today
1,0,0,0,0,5430193,False,44,-52518
2,0,0,0,0,5430193,False,39,-7804
3,0,0,0,0,5430193,False,44,-6346
4,0,0,0,0,5430193,False,54,-7163
5,0,0,0,0,5430193,False,50,-1059204
6,0,0,0,0,5430193,False,71,-305739
8,0,0,0,0,5430193,False,80,107569
9,0,0,0,0,5430193,False,53,-9719
10,0,0,0,0,5430193,False,43,-4425
11,0,0,0,0,5430193,False,45,-10963
12,0,0,0,0,5430193,False,77,-800307
13,0,0,0,0,5430193,False,52,-25316
14,0,0,0,0,5430193,False,85,-729814
15,0,0,0,0,5430193,True,48,-28718
16,0,0,0,0,5430193,False,49,-5731
17,0,0,0,0,5430193,False,45,-1187088
18,0,0,0,0,5430193,False,40,-10130
19,0,0,0,0,5430193,False,91,337483
20,0,0,0,0,5430193,False,56,1712567
22,0,0,0,0,5430193,False,53,-11160
24,0,0,0,0,5430193,False,44,-25931
25,0,0,0,0,5430193,True,45,-8949
26,0,0,0,0,5430193,False,65,-385209
29,0,0,0,0,5430193,False,56,112834
30,0,0,0,0,5430193,False,60,-1218
31,0,0,0,0,5430193,False,52,353027
113,0,0,0,0,5430193,False,49,119232
540,0,0,0,0,5430193,False,54,-195327
578,0,0,0,0,5430193,False,48,-1320
585,0,0,0,0,5430193,True,46,-466969
646,0,0,0,0,5430193,False,40,657
735,0,0,0,0,5430193,False,45,170
736,0,0,0,0,5430193,False,40,958
737,0,0,0,0,5430193,False,45,140
764,0,0,0,0,5430193,False,45,21
772,0,0,0,0,5430193,False,45,22
32,0,0,0,0,5430193,False,51,148320
34,0,0,0,0,5430193,False,57,266986
35,0,0,0,0,5430193,True,57,-16361
36,0,0,0,0,5430193,False,47,809041
37,0,0,0,-1,5430193,False,38,-48153
38,0,0,0,0,5430193,False,58,-42917
39,0,0,0,0,5430193,False,49,-18169
40,0,0,0,0,5430193,False,49,-498
41,0,0,0,0,5430193,False,44,15889
42,0,0,0,0,5430193,True,46,127320
43,0,0,0,0,5430193,False,56,695231
44,0,0,0,0,5430193,True,50,3367
45,0,0,0,0,5430193,False,39,-5874
46,0,0,0,0,5430193,False,44,-2258
47,0,0,0,0,5430193,False,50,-3495
48,0,0,0,0,5430193,False,46,214664
49,0,0,0,0,5430193,False,52,412967
50,0,0,0,-1,5430193,False,55,115299
51,0,0,0,0,5430193,True,41,-1059768
53,0,0,0,0,5430193,False,39,-29722
54,0,0,0,0,5430193,False,45,-10767
55,0,0,0,0,5430193,False,59,-5891
56,0,0,0,0,5430193,False,45,-616
57,0,0,0,0,5430193,False,40,-372
58,0,0,0,0,5430193,False,56,-75215
59,0,0,0,0,5430193,False,50,-1945
60,0,0,0,-1,5430193,False,88,3044543
61,0,0,0,0,5430193,False,50,-782
584,0,0,0,0,5430193,True,47,146355
599,0,0,0,0,5430193,False,66,175449
618,0,0,0,0,5430193,False,45,-739
670,0,0,0,0,5430193,False,40,862
672,0,0,0,0,5430193,False,54,1227
686,0,0,0,0,5430193,False,40,923
699,0,0,0,0,5430193,False,45,9530
765,0,0,0,0,5430193,False,40,121
767,0,0,0,0,5430193,False,45,78
778,0,0,0,0,5430193,False,40,48
793,0,0,0,0,5430193,False,40,1
62,0,0,0,0,5430193,False,49,-11154
63,0,0,0,0,5430193,False,52,-41271
64,0,0,0,0,5430193,False,47,-5003
65,0,0,0,0,5430193,False,50,2907
66,0,0,0,0,5430193,False,50,-1393
67,0,0,0,0,5430193,False,45,-392
68,0,0,0,0,5430193,True,43,-1617
69,0,0,0,0,5430193,False,40,-15278
70,0,0,0,0,5430193,False,45,-505
71,0,0,0,0,5430193,False,43,-2065
72,0,0,0,0,5430193,False,46,-13001
73,0,0,0,0,5430193,False,49,-1179
74,0,0,0,0,5430193,False,43,-285
75,0,0,0,0,5430193,False,43,-4581
76,0,0,0,0,5430193,False,46,-28810
77,0,0,0,0,5430193,False,46,242564
78,0,0,0,0,5430193,False,47,-4103
79,0,0,0,0,5430193,False,45,-109
80,0,0,0,0,5430193,False,40,-19281
81,0,0,0,0,5430193,False,48,-1043
82,0,0,0,0,5430193,False,45,71257
83,0,0,0,0,5430193,False,45,296893
84,0,0,0,0,5430193,False,44,7742
85,0,0,0,0,5430193,False,71,2447521
86,0,0,0,0,5430193,False,54,58812
87,0,0,0,0,5430193,False,47,-1503
88,0,0,0,0,5430193,False,40,-8758
89,0,0,0,0,5430193,False,44,6685
595,0,0,0,0,5430193,False,44,-8367
607,0,0,0,0,5430193,False,44,-3983
619,0,0,0,0,5430193,False,40,-1693
643,0,0,0,0,5430193,True,44,-1809
644,0,0,0,0,5430193,False,49,1617
673,0,0,0,0,5430193,True,49,24
705,0,0,0,0,5430193,False,55,1802
90,0,0,0,0,5430193,False,44,-12337
91,0,0,0,0,5430193,False,39,-6171
92,0,0,0,0,5430193,False,43,-207159
93,0,0,0,0,5430193,False,40,-13258
94,0,0,0,0,5430193,False,45,-133
95,0,0,0,0,5430193,False,50,-3527
96,0,0,0,0,5430193,False,45,2586
97,0,0,0,0,5430193,False,40,-526
98,0,0,0,0,5430193,False,48,-8234
99,0,0,0,0,5430193,False,47,-9640
100,0,0,0,0,5430193,False,45,-825
101,0,0,0,0,5430193,False,45,41471
102,0,0,0,0,5430193,False,39,1513
103,0,0,0,0,5430193,True,43,-169523
104,0,0,0,0,5430193,True,44,-19083
105,0,0,0,0,5430193,False,53,-3025
106,0,0,0,0,5430193,False,54,-16803
107,0,0,0,0,5430193,False,47,4595
108,0,0,0,0,5430193,True,68,-408696
109,0,0,0,0,5430193,False,48,-440918
110,0,0,0,-1,5430193,False,53,-6476
111,0,0,0,0,5430193,True,49,-403
112,0,0,0,0,5430193,False,46,117710
114,0,0,0,0,5430193,False,44,-954
115,0,0,0,0,5430193,True,52,-7516
116,0,0,0,0,5430193,False,39,131633
117,0,0,0,0,5430193,False,80,479886
118,0,0,0,0,5430193,False,45,-1685
119,0,0,0,-1,5430193,True,56,-205530
120,0,0,0,0,5430193,False,43,-26929
121,0,0,0,0,5430193,False,43,-4001
258,0,0,0,0,5430193,False,49,-31128
508,0,0,0,0,5430193,False,44,-1484
620,0,0,0,0,5430193,False,45,-90
684,0,0,0,0,5430193,False,45,340
701,0,0,0,0,5430193,True,45,2604
725,0,0,0,0,5430193,True,40,650
733,0,0,0,0,5430193,False,40,1177
744,0,0,0,0,5430193,False,45,36
752,0,0,0,0,5430193,False,40,326
789,0,0,0,0,5430193,False,40,64
122,0,0,0,0,5430193,True,50,2888
123,0,0,0,0,5430193,False,44,-10554
124,0,0,0,0,5430193,False,45,-4546
125,0,0,0,0,5430193,False,47,-870
127,0,0,0,0,5430193,False,45,-3871
128,0,0,0,0,5430193,False,48,-10215
129,0,0,0,0,5430193,False,50,-173109
130,0,0,0,0,5430193,True,50,-339185
131,0,0,0,0,5430193,False,51,-2123298
132,0,0,0,-1,5430193,False,58,-184365
133,0,0,0,0,5430193,False,49,13133
134,0,0,0,0,5430193,False,65,252387
135,0,0,0,0,5430193,False,55,-879880
136,0,0,0,0,5430193,False,40,-2363
137,0,0,0,0,5430193,False,45,-130
138,0,0,0,0,5430193,False,49,-3746
139,0,0,0,0,5430193,False,39,-323645
140,0,0,0,0,5430193,True,61,-217155
141,0,0,0,0,5430193,False,39,-228
142,0,0,0,0,5430193,False,48,-13630
143,0,0,0,0,5430193,True,64,-2407151
144,0,0,0,0,5430193,False,44,-3243
146,0,0,0,0,5430193,False,45,-1568
147,0,0,0,0,5430193,False,40,-33
148,0,0,0,0,5430193,False,42,-319599
149,0,0,0,0,5430193,False,55,-4460
150,0,0,0,0,5430193,False,40,123315
151,0,0,0,0,5430193,True,43,-66893
152,0,0,0,0,5430193,False,44,-14564
153,0,0,0,0,5430193,False,42,-17372
154,0,0,0,0,5430193,False,57,-173901
155,0,0,0,0,5430193,False,44,-77088
606,0,0,0,0,5430193,False,43,-5312
621,0,0,0,0,5430193,False,45,12063
690,0,0,0,0,5430193,False,45,3623
700,0,0,0,0,5430193,True,64,12032
741,0,0,0,0,5430193,False,45,1043
742,0,0,0,0,5430193,False,45,205
746,0,0,0,0,5430193,False,40,1130
747,0,0,0,0,5430193,False,44,121
753,0,0,0,0,5430193,False,40,192
755,0,0,0,0,5430193,False,45,73
786,0,0,0,0,5430193,False,45,10
156,0,0,0,0,5430193,False,42,-1345
157,0,0,0,0,5430193,False,38,37317
158,0,0,0,0,5430193,False,49,-2339
159,0,0,0,0,5430193,False,52,-13740
160,0,0,0,0,5430193,False,40,-292297
161,0,0,0,0,5430193,False,47,-6021
162,0,0,0,0,5430193,False,44,-2451
163,0,0,0,0,5430193,False,48,-1986
164,0,0,0,0,5430193,False,45,-2801
165,0,0,0,0,5430193,False,50,-3266
166,0,0,0,0,5430193,False,39,721
167,0,0,0,0,5430193,False,39,-11698
168,0,0,0,-1,5430193,False,47,3963
169,0,0,0,0,5430193,False,39,-3153
170,0,0,0,0,5430193,False,48,-2798
171,0,0,0,0,5430193,False,40,-1750
172,0,0,0,0,5430193,False,43,-15684
173,0,0,0,0,5430193,False,44,-2625
174,0,0,0,0,5430193,False,49,-3063
175,0,0,0,0,5430193,False,40,-1043
176,0,0,0,0,5430193,False,43,-16150
177,0,0,0,0,5430193,False,53,-9609
178,0,0,0,0,5430193,False,40,373265
179,0,0,0,0,5430193,False,40,-1361
180,0,0,0,0,5430193,False,49,-2564
181,0,0,0,0,5430193,False,39,1631
182,0,0,0,0,5430193,False,44,-6016
183,0,0,0,0,5430193,False,55,-14946
184,0,0,0,0,5430193,False,46,-10482
200,0,0,0,0,5430193,False,50,-50
475,0,0,0,0,5430193,False,47,-8454
594,0,0,0,0,5430193,False,53,10909
596,0,0,0,0,5430193,False,45,-2312
600,0,0,0,0,5430193,True,47,-3946
605,0,0,0,0,5430193,True,48,12
608,0,0,0,0,5430193,False,49,-576
622,0,0,0,0,5430193,False,40,-3068
660,0,0,0,0,5430193,False,50,4508
674,0,0,0,0,5430193,False,40,930
675,0,0,0,0,5430193,False,50,1399
694,0,0,0,0,5430193,False,50,-51
706,0,0,0,0,5430193,False,54,388
126,0,0,0,0,5430193,False,45,-204806
145,0,0,0,0,5430193,True,45,-30968
185,0,0,0,0,5430193,False,40,-909
186,0,0,0,0,5430193,False,43,-6320
187,0,0,0,0,5430193,False,50,-82904
188,0,0,0,0,5430193,False,65,-2001
189,0,0,0,0,5430193,False,45,-100
190,0,0,0,0,5430193,False,40,-288
191,0,0,0,0,5430193,False,44,4107
192,0,0,0,0,5430193,False,40,-530
193,0,0,0,0,5430193,False,49,8254
194,0,0,0,0,5430193,False,43,-16228
195,0,0,0,0,5430193,False,54,-1020376
196,0,0,0,0,5430193,False,42,-179216
197,0,0,0,0,5430193,True,47,338853
198,0,0,0,0,5430193,True,48,-30616
199,0,0,0,0,5430193,False,48,-212888
201,0,0,0,0,5430193,True,44,-2498
202,0,0,0,0,5430193,False,54,-9830
203,0,0,0,0,5430193,False,42,539542
206,0,0,0,0,5430193,True,53,-1242724
207,0,0,0,0,5430193,False,68,-52599
208,0,0,0,0,5430193,False,53,908
210,0,0,0,0,5430193,False,63,-187542
211,0,0,0,0,5430193,False,68,-1106134
212,0,0,0,0,5430193,False,74,-7548
213,0,0,0,0,5430193,False,55,-404
214,0,0,0,0,5430193,False,43,-4855
215,0,0,0,0,5430193,False,40,-4161
216,0,0,0,0,5430193,False,71,434356
217,0,0,0,0,5430193,False,50,52777
218,0,0,0,0,5430193,False,54,-15420
362,0,0,0,0,5430193,False,58,3915535
589,0,0,0,0,5430193,False,50,-998
609,0,0,0,0,5430193,False,51,-7637
611,0,0,0,0,5430193,False,49,154620
613,0,0,0,0,5430193,True,44,-1706
623,0,0,0,0,5430193,False,45,-9752
659,0,0,0,0,5430193,False,39,172
667,0,0,0,0,5430193,True,49,-203
671,0,0,0,0,5430193,False,40,-360
677,0,0,0,0,5430193,False,45,1904
680,0,0,0,0,5430193,False,40,188
681,0,0,0,0,5430193,False,45,-47
687,0,0,0,0,5430193,False,45,107958
716,0,0,0,0,5430193,False,40,810
717,0,0,0,0,5430193,False,45,1135
718,0,0,0,0,5430193,False,45,150
723,0,0,0,0,5430193,False,40,285
758,0,0,0,0,5430193,False,45,48
791,0,0,0,0,5430193,False,45,28
7,0,0,0,0,5430193,True,43,-9937
219,0,0,0,0,5430193,False,43,26596
220,0,0,0,0,5430193,False,48,1336179
221,0,0,0,0,5430193,False,54,-10606
222,0,0,0,0,5430193,False,44,-3982
223,0,0,0,0,5430193,True,49,-3433
224,0,0,0,0,5430193,False,44,-3804
225,0,0,0,0,5430193,False,54,-74123
226,0,0,0,0,5430193,False,60,-1181893
227,0,0,0,0,5430193,False,44,-67853
228,0,0,0,0,5430193,False,44,155129
229,0,0,0,0,5430193,False,49,-21
230,0,0,0,0,5430193,False,45,9851
231,0,0,0,0,5430193,False,47,-26616
232,0,0,0,0,5430193,False,49,23603
233,0,0,0,0,5430193,False,39,-2412
234,0,0,0,0,5430193,False,46,284349
235,0,0,0,0,5430193,False,40,-9906
236,0,0,0,0,5430193,False,59,143490
237,0,0,0,0,5430193,False,45,-1552
238,0,0,0,0,5430193,False,39,10580
239,0,0,0,0,5430193,False,43,-1711
240,0,0,0,0,5430193,False,49,-7753
241,0,0,0,0,5430193,False,40,-47338
242,0,0,0,0,5430193,True,45,-10245
243,0,0,0,0,5430193,False,39,-27677
385,0,0,0,0,5430193,False,44,-8328
615,0,0,0,0,5430193,False,48,-659
657,0,0,0,0,5430193,False,45,329
658,0,0,0,0,5430193,False,45,-2374
720,0,0,0,0,5430193,False,45,1211
721,0,0,0,0,5430193,False,45,204
724,0,0,0,0,5430193,False,45,189
763,0,0,0,0,5430193,False,40,437
792,0,0,0,0,5430193,False,45,762
244,0,0,0,0,5430193,True,44,-16110
245,0,0,0,0,5430193,False,41,308216
246,0,0,0,0,5430193,False,58,-8379
247,0,0,0,0,5430193,False,44,-3239
248,0,0,0,0,5430193,True,48,-2842
249,0,0,0,0,5430193,True,55,22589
250,0,0,0,0,5430193,False,49,3256
251,0,0,0,0,5430193,False,44,-2144
252,0,0,0,0,5430193,False,43,-7707
253,0,0,0,0,5430193,False,53,-29036
254,0,0,0,0,5430193,False,48,-2853
255,0,0,0,0,5430193,False,40,-131967
257,0,0,0,0,5430193,False,43,-9249
259,0,0,0,0,5430193,False,54,32013
260,0,0,0,0,5430193,False,46,565247
261,0,0,0,0,5430193,False,47,-11022
262,0,0,0,0,5430193,False,44,-7361
263,0,0,0,0,5430193,False,45,-446719
264,0,0,0,0,5430193,False,45,-3627
265,0,0,0,0,5430193,False,46,384122
266,0,0,0,0,5430193,False,39,-7754
579,0,0,0,0,5430193,False,39,-1678
588,0,0,0,0,5430193,False,44,-43903
601,0,0,0,0,5430193,False,52,-8364
624,0,0,0,0,5430193,False,45,739
645,0,0,0,0,5430193,False,48,-2756
649,0,0,0,0,5430193,False,45,-1311
650,0,0,0,0,5430193,False,44,40
661,0,0,0,0,5430193,False,55,11651
691,0,0,0,0,5430193,False,57,6768
719,0,0,0,0,5430193,False,45,214
760,0,0,0,0,5430193,False,45,30
761,0,0,0,0,5430193,False,40,297
256,0,0,0,0,5430193,True,53,-41313
267,0,0,0,0,5430193,False,53,-12280
268,0,0,0,0,5430193,False,49,4390
269,0,0,0,0,5430193,False,50,-1004
270,0,0,0,0,5430193,False,53,-1530
271,0,0,0,0,5430193,False,44,-25674
272,0,0,0,0,5430193,False,44,-1491
273,0,0,0,0,5430193,False,44,-7053
274,0,0,0,0,5430193,False,40,-9530
275,0,0,0,0,5430193,False,48,750071
276,0,0,0,0,5430193,False,43,-15923
277,0,0,0,0,5430193,False,40,-37355
278,0,0,0,0,5430193,False,74,-340859
279,0,0,0,0,5430193,False,44,-15878
280,0,0,0,0,5430193,False,50,7147
281,0,0,0,0,5430193,False,45,-2486
282,0,0,0,0,5430193,False,45,-60135
283,0,0,0,0,5430193,False,44,70916
284,0,0,0,0,5430193,False,39,-7979
285,0,0,0,0,5430193,False,44,-35375
286,0,0,0,0,5430193,False,43,14882
287,0,0,0,0,5430193,False,46,-270904
288,0,0,0,0,5430193,True,53,-5126
558,0,0,0,0,5430193,False,52,43706
591,0,0,0,0,5430193,False,53,4869
610,0,0,0,0,5430193,True,44,-18877
625,0,0,0,0,5430193,False,39,-1297
651,0,0,0,0,5430193,False,45,-750
652,0,0,0,0,5430193,False,45,18
662,0,0,0,0,5430193,True,49,-661
683,0,0,0,0,5430193,False,45,605
688,0,0,0,0,5430193,False,45,53013
692,0,0,0,0,5430193,False,40,1200
707,0,0,0,0,5430193,False,45,452
732,0,0,0,0,5430193,False,40,471
796,0,0,0,0,5430193,False,45,0
289,0,0,0,0,5430193,False,39,-8933
290,0,0,0,0,5430193,False,85,351447
291,0,0,0,0,5430193,False,57,351791
292,0,0,0,0,5430193,True,47,-3959
293,0,0,0,0,5430193,False,75,187350
294,0,0,0,0,5430193,False,79,725288
295,0,0,0,0,5430193,False,48,-7627
296,0,0,0,0,5430193,False,50,-1104
297,0,0,0,0,5430193,False,72,-419107
298,0,0,0,0,5430193,False,45,118890
299,0,0,0,0,5430193,False,50,-810
300,0,0,0,0,5430193,False,49,-1115
301,0,0,0,0,5430193,False,37,107935
302,0,0,0,0,5430193,False,49,13542
303,0,0,0,0,5430193,False,74,5647
304,0,0,0,0,5430193,False,58,-847455
305,0,0,0,0,5430193,True,48,-11803
306,0,0,0,0,5430193,False,40,-16276
307,0,0,0,0,5430193,False,64,-243441
308,0,0,0,0,5430193,True,131,-712267
309,0,0,0,0,5430193,False,71,-23853
310,0,0,0,0,5430193,True,47,-17694
311,0,0,0,0,5430193,True,46,176514
312,0,0,0,0,5430193,False,40,-2451
313,0,0,0,0,5430193,False,63,452339
626,0,0,0,0,5430193,False,40,6290
627,0,0,0,0,5430193,False,44,-678
628,0,0,0,0,5430193,True,44,-2816
629,0,0,0,0,5430193,False,44,-541
668,0,0,0,0,5430193,True,54,998
708,0,0,0,0,5430193,False,50,4784
726,0,0,0,0,5430193,False,40,366
728,0,0,0,0,5430193,False,39,222
743,0,0,0,0,5430193,False,45,34
756,0,0,0,0,5430193,False,40,5
757,0,0,0,0,5430193,False,40,12520
782,0,0,0,0,5430193,False,45,46
783,0,0,0,0,5430193,False,45,20
21,0,0,0,0,5430193,False,49,-880
52,0,0,0,0,5430193,True,44,-67361
314,0,0,0,0,5430193,False,48,1315
315,0,0,0,0,5430193,True,39,-11373
316,0,0,0,0,5430193,False,39,-470104
317,0,0,0,0,5430193,False,46,-5046
318,0,0,0,0,5430193,False,40,2009
319,0,0,0,0,5430193,False,49,-3701
320,0,0,0,0,5430193,False,48,-910
321,0,0,0,0,5430193,False,45,437629
322,0,0,0,0,5430193,False,49,-1868
323,0,0,0,0,5430193,False,40,-42437
324,0,0,0,0,5430193,False,45,-229482
325,0,0,0,0,5430193,False,45,-1473
326,0,0,0,0,5430193,False,50,37761
327,0,0,0,0,5430193,False,45,-17384
328,0,0,0,0,5430193,False,49,-5559
329,0,0,0,0,5430193,False,50,-203
330,0,0,0,0,5430193,False,44,1028
331,0,0,0,0,5430193,False,45,-16697
332,0,0,0,0,5430193,False,44,-15874
333,0,0,0,0,5430193,False,39,-2095
334,0,0,0,0,5430193,False,44,-4449
335,0,0,0,0,5430193,False,43,-10014
336,0,0,0,0,5430193,False,45,-25339
337,0,0,0,0,5430193,False,45,-597
338,0,0,0,0,5430193,False,40,-829
339,0,0,0,0,5430193,False,44,-25172
340,0,0,0,0,5430193,False,43,-22709
393,0,0,0,0,5430193,False,40,171731
553,0,0,0,0,5430193,False,42,-8759
575,0,0,0,0,5430193,True,42,-7434
582,0,0,0,0,5430193,False,47,-3383
586,0,0,0,0,5430193,False,47,-6688
602,0,0,0,0,5430193,False,40,-251833
614,0,0,0,0,5430193,False,45,13015
630,0,0,0,0,5430193,False,49,12082
631,0,0,0,0,5430193,True,49,-249
648,0,0,0,0,5430193,False,40,-692
665,0,0,0,0,5430193,False,44,-102
682,0,0,0,0,5430193,False,40,1066
727,0,0,0,0,5430193,False,50,16386
729,0,0,0,0,5430193,False,45,158
734,0,0,0,0,5430193,False,45,247
341,0,0,0,0,5430193,False,49,-136246
342,0,0,0,0,5430193,False,50,75747
343,0,0,0,0,5430193,False,70,2790289
344,0,0,0,0,5430193,False,65,91731
345,0,0,0,0,5430193,False,44,3593
346,0,0,0,0,5430193,False,58,-250122
347,0,0,0,0,5430193,False,39,-1565
348,0,0,0,0,5430193,False,45,-36
349,0,0,0,1,5430193,False,107,1271340
350,0,0,0,0,5430193,False,55,-153642
352,0,0,0,0,5430193,False,55,-203768
353,0,0,0,0,5430193,False,80,1967995
354,0,0,0,0,5430193,False,72,-386859
355,0,0,0,1,5430193,False,140,-3386983
356,0,0,0,0,5430193,False,47,-75573
357,0,0,0,0,5430193,False,49,-32113
358,0,0,0,0,5430193,False,43,-18076
359,0,0,0,0,5430193,False,75,-5586
361,0,0,0,0,5430193,False,38,-3177
363,0,0,0,0,5430193,False,44,-1938
365,0,0,0,0,5430193,False,56,-74248
366,0,0,0,0,5430193,False,38,-20372
367,0,0,0,0,5430193,False,39,87
368,0,0,0,0,5430193,False,53,-2138146
369,0,0,0,1,5430193,False,55,1284253
566,0,0,0,0,5430193,False,48,-15288
616,0,0,0,0,5430193,False,48,-65605
678,0,0,0,0,5430193,False,65,214137
762,0,0,0,0,5430193,False,45,30
771,0,0,0,0,5430193,False,45,30
209,0,0,0,0,5430193,False,68,-258267
370,0,0,0,0,5430193,False,45,-715
371,0,0,0,0,5430193,False,44,-2588
372,0,0,0,0,5430193,False,68,-83315
373,0,0,0,0,5430193,False,82,-1564393
374,0,0,0,0,5430193,False,40,-11707
375,0,0,0,0,5430193,False,40,-13696
376,0,0,0,0,5430193,False,53,-304537
377,0,0,0,0,5430193,False,51,121914
379,0,0,0,0,5430193,False,58,-31172
380,0,0,0,0,5430193,False,40,-20344
381,0,0,0,0,5430193,False,50,-10484
382,0,0,0,0,5430193,False,48,293071
383,0,0,0,0,5430193,False,43,3122
384,0,0,0,0,5430193,False,40,-5507
386,0,0,0,0,5430193,False,45,-2365
387,0,0,0,0,5430193,False,42,35547
388,0,0,0,0,5430193,False,44,12743
389,0,0,0,0,5430193,False,43,-4090
390,0,0,0,0,5430193,True,64,-14014
391,0,0,0,0,5430193,False,47,-487309
392,0,0,0,0,5430193,False,46,106015
394,0,0,0,0,5430193,False,42,4015
395,0,0,0,0,5430193,False,49,-169042
396,0,0,0,0,5430193,False,84,-3478424
397,0,0,0,0,5430193,False,67,-62678
398,0,0,0,0,5430193,False,52,-2057567
399,0,0,0,0,5430193,False,44,-959
400,0,0,0,0,5430193,False,47,-3244
401,0,0,0,0,5430193,False,44,-113255
597,0,0,0,0,5430193,False,48,-1560817
617,0,0,0,0,5430193,False,68,194906
632,0,0,0,0,5430193,False,44,-474
669,0,0,0,0,5430193,False,40,781
685,0,0,0,0,5430193,False,45,84
695,0,0,0,0,5430193,False,40,9527
703,0,0,0,0,5430193,False,40,89462
709,0,0,0,0,5430193,False,50,3602
748,0,0,0,0,5430193,False,45,209
766,0,0,0,0,5430193,False,40,357
768,0,0,0,0,5430193,False,40,88
204,0,0,0,0,5430193,False,43,-10052
402,0,0,0,0,5430193,False,62,-399780
403,0,0,0,0,5430193,True,42,-399774
404,0,0,0,0,5430193,False,40,-2270
405,0,0,0,0,5430193,False,45,-1199416
406,0,0,0,0,5430193,False,58,-148922
407,0,0,0,0,5430193,False,44,118065
408,0,0,0,0,5430193,False,40,-972
409,0,0,0,0,5430193,False,42,761245
410,0,0,0,0,5430193,False,49,-3919
411,0,0,0,0,5430193,False,39,-395
412,0,0,0,0,5430193,False,61,1980645
413,0,0,0,0,5430193,False,44,-3929
414,0,0,0,0,5430193,False,44,-4259
415,0,0,0,0,5430193,False,76,-533335
416,0,0,0,0,5430193,True,58,-72754
417,0,0,0,0,5430193,False,44,-573
418,0,0,0,0,5430193,False,45,-645
419,0,0,0,0,5430193,False,41,392798
420,0,0,0,0,5430193,False,40,-864
421,0,0,0,0,5430193,False,48,6693
422,0,0,0,0,5430193,False,40,-3169
423,0,0,0,0,5430193,False,48,-15597
424,0,0,0,0,5430193,True,53,-641110
425,0,0,0,0,5430193,False,43,-5966
426,0,0,0,0,5430193,False,60,-5363
427,0,0,0,0,5430193,False,52,295004
428,0,0,0,0,5430193,True,42,-12085
429,0,0,0,0,5430193,False,52,-151722
430,0,0,0,0,5430193,False,67,313944
431,0,0,0,0,5430193,False,40,-8216
432,0,0,0,0,5430193,True,53,-16732
433,0,0,0,0,5430193,True,78,-572303
580,0,0,0,0,5430193,False,39,-3183
581,0,0,0,0,5430193,False,39,9149
603,0,0,0,0,5430193,True,62,-251118
633,0,0,0,0,5430193,False,43,91470
634,0,0,0,0,5430193,False,39,307
635,0,0,0,0,5430193,False,45,12415
738,0,0,0,0,5430193,False,45,326
739,0,0,0,0,5430193,False,45,976
745,0,0,0,0,5430193,False,44,638
794,0,0,0,0,5430193,False,45,0
795,0,0,0,0,5430193,False,45,0
23,0,0,0,0,5430193,False,40,-8950
28,0,0,0,0,5430193,False,39,-81101
205,0,0,0,0,5430193,False,47,608
378,0,0,0,0,5430193,False,51,69695
434,0,0,0,0,5430193,False,45,-1131
435,0,0,0,0,5430193,False,43,2777
436,0,0,0,0,5430193,True,45,-4305
437,0,0,0,0,5430193,False,63,-24807
438,0,0,0,0,5430193,False,39,-7829
439,0,0,0,0,5430193,True,45,7127
440,0,0,0,0,5430193,False,45,-347
441,0,0,0,0,5430193,False,45,-2326
442,0,0,0,0,5430193,False,53,-7378
443,0,0,0,0,5430193,False,48,-45299
444,0,0,0,0,5430193,False,40,-9815
445,0,0,0,0,5430193,False,44,-2148
446,0,0,0,0,5430193,False,49,-1870
447,0,0,0,0,5430193,False,57,-102572
448,0,0,0,0,5430193,False,40,-11555
449,0,0,0,0,5430193,False,43,-6263
451,0,0,0,0,5430193,False,48,-1543
452,0,0,0,0,5430193,False,45,-497
453,0,0,0,0,5430193,False,50,-784
454,0,0,0,0,5430193,False,40,-7139
455,0,0,0,0,5430193,False,44,-4556
456,0,0,0,0,5430193,False,44,-2463
457,0,0,0,0,5430193,False,45,-1266
458,0,0,0,0,5430193,False,49,-1133
459,0,0,0,0,5430193,False,45,-389
460,0,0,0,0,5430193,False,40,-8892
461,0,0,0,0,5430193,False,44,-3788
462,0,0,0,0,5430193,False,45,-5064
463,0,0,0,0,5430193,False,48,-2553
464,0,0,0,0,5430193,False,45,-27188
465,0,0,0,0,5430193,False,44,7189
466,0,0,0,0,5430193,False,44,-104659
467,0,0,0,0,5430193,False,43,-11218
468,0,0,0,0,5430193,False,50,115502
469,0,0,0,0,5430193,False,43,-4029
470,0,0,0,0,5430193,False,48,-2171
604,0,0,0,0,5430193,True,45,5208
636,0,0,0,0,5430193,False,39,-1245
637,0,0,0,0,5430193,False,39,-593
679,0,0,0,0,5430193,False,44,5912
696,0,0,0,0,5430193,False,45,5677
710,0,0,0,0,5430193,False,45,3105
711,0,0,0,0,5430193,False,45,-47
712,0,0,0,0,5430193,False,50,2063
713,0,0,0,0,5430193,True,49,155
714,0,0,0,0,5430193,True,50,3123
779,0,0,0,0,5430193,False,45,22
780,0,0,0,0,5430193,False,45,47
781,0,0,0,0,5430193,False,45,48
27,0,0,0,0,5430193,False,39,121582
33,0,0,0,0,5430193,False,44,73976
360,0,0,0,0,5430193,False,44,62378
471,0,0,0,0,5430193,False,43,-26742
472,0,0,0,0,5430193,False,39,-1277
473,0,0,0,0,5430193,True,38,-753232
474,0,0,0,0,5430193,True,39,-14049
476,0,0,0,0,5430193,False,45,2906
477,0,0,0,0,5430193,False,49,-5085
478,0,0,0,0,5430193,False,44,-1616
479,0,0,0,0,5430193,False,40,-5501
480,0,0,0,0,5430193,True,43,-10611
481,0,0,0,0,5430193,False,49,-629
482,0,0,0,0,5430193,False,45,-1409
483,0,0,0,0,5430193,False,48,-985
484,0,0,0,0,5430193,False,43,-5634
485,0,0,0,0,5430193,False,54,-1245
486,0,0,0,0,5430193,False,55,-2149
487,0,0,0,0,5430193,False,39,9197
488,0,0,0,0,5430193,False,48,-519
489,0,0,0,0,5430193,False,48,-2007
490,0,0,0,0,5430193,False,43,-34585
576,0,0,0,0,5430193,False,44,-2683
587,0,0,0,0,5430193,False,47,-4523
592,0,0,0,0,5430193,False,43,-3163
593,0,0,0,0,5430193,False,51,-5081
638,0,0,0,0,5430193,False,50,130
653,0,0,0,0,5430193,False,39,956
654,0,0,0,0,5430193,False,45,-1230
655,0,0,0,0,5430193,False,44,796
656,0,0,0,0,5430193,False,44,656
663,0,0,0,0,5430193,False,50,8703
666,0,0,0,0,5430193,False,50,-99
693,0,0,0,0,5430193,False,40,2718
730,0,0,0,0,5430193,False,44,103
731,0,0,0,0,5430193,False,40,414
759,0,0,0,0,5430193,False,44,49
775,0,0,0,0,5430193,False,50,9115
790,0,0,0,0,5430193,False,45,135
450,0,0,0,0,5430193,False,58,2963
491,0,0,0,0,5430193,False,39,-5684
492,0,0,0,0,5430193,False,54,2716
493,0,0,0,0,5430193,True,50,-11568
494,0,0,0,0,5430193,False,49,38
495,0,0,0,0,5430193,False,43,-34886
496,0,0,0,0,5430193,False,42,-69336
497,0,0,0,0,5430193,False,43,-29950
498,0,0,0,0,5430193,False,38,-187416
499,0,0,0,0,5430193,False,52,-34548
500,0,0,0,0,5430193,False,125,-320543
501,0,0,0,0,5430193,False,71,198282
502,0,0,0,0,5430193,False,47,-36772
503,0,0,0,0,5430193,True,48,-5931
504,0,0,0,0,5430193,False,78,-500007
505,0,0,0,0,5430193,False,44,-37653
506,0,0,0,0,5430193,False,59,3256075
507,0,0,0,0,5430193,False,47,-232554
509,0,0,0,0,5430193,False,70,934084
510,0,0,0,0,5430193,False,40,-14284
511,0,0,0,0,5430193,False,49,362739
512,0,0,0,0,5430193,False,44,-12492
513,0,0,0,0,5430193,False,44,22447
514,0,0,0,0,5430193,True,44,-352
515,0,0,0,0,5430193,False,45,-15345
516,0,0,0,0,5430193,True,97,902184
517,0,0,0,0,5430193,False,40,-39759
518,0,0,0,0,5430193,False,40,-55835
519,0,0,0,0,5430193,False,48,651192
520,0,0,0,0,5430193,False,53,693412
521,0,0,0,0,5430193,True,39,-6774
583,0,0,0,0,5430193,True,51,-9769
639,0,0,0,0,5430193,False,44,62664
640,0,0,0,0,5430193,False,45,-22567
641,0,0,0,0,5430193,True,54,-3328
702,0,0,0,0,5430193,False,40,1653
722,0,0,0,0,5430193,False,45,1685
740,0,0,0,0,5430193,False,40,527
754,0,0,0,0,5430193,False,45,108
776,0,0,0,0,5430193,False,65,89005
777,0,0,0,0,5430193,False,45,5345
364,0,0,0,0,5430193,False,47,-966
522,0,0,0,-1,5430193,False,44,-20032
523,0,0,0,0,5430193,False,57,-134050
524,0,0,0,0,5430193,False,42,1529486
525,0,0,0,0,5430193,False,56,-57571
526,0,0,0,0,5430193,False,81,2232230
527,0,0,0,0,5430193,False,52,-4239
528,0,0,0,0,5430193,False,47,260574
529,0,0,0,0,5430193,False,43,-3787
530,0,0,0,0,5430193,False,42,-63834
531,0,0,0,0,5430193,False,50,-1874
532,0,0,0,0,5430193,False,46,273092
533,0,0,0,0,5430193,False,42,-165404
534,0,0,0,0,5430193,False,46,-5820
535,0,0,0,0,5430193,False,56,-123538
536,0,0,0,0,5430193,False,44,-3383
537,0,0,0,0,5430193,False,42,-8677
538,0,0,0,0,5430193,False,42,-626785
539,0,0,0,0,5430193,False,60,-40865
541,0,0,0,0,5430193,False,60,-4975
542,0,0,0,0,5430193,False,49,32851
543,0,0,0,0,5430193,False,45,-13693
544,0,0,0,0,5430193,False,45,31202
577,0,0,0,0,5430193,False,43,-1435
642,0,0,0,0,5430193,False,50,-1537
647,0,0,0,0,5430193,False,40,1104
664,0,0,0,0,5430193,False,60,747024
676,0,0,0,0,5430193,False,45,21419
689,0,0,0,0,5430193,False,68,292909
773,0,0,0,0,5430193,False,45,29
774,0,0,0,0,5430193,False,40,233
784,0,0,0,0,5430193,False,40,59
785,0,0,0,0,5430193,False,45,39
351,0,0,0,0,5430193,False,44,1999
545,0,0,0,0,5430193,False,45,-9341
546,0,0,0,0,5430193,False,39,57999
547,0,0,0,0,5430193,False,40,-46936
548,0,0,0,0,5430193,False,44,-6813
549,0,0,0,0,5430193,False,45,-748
550,0,0,0,0,5430193,False,45,-1935
551,0,0,0,0,5430193,False,45,62058
552,0,0,0,0,5430193,False,52,-15738
554,0,0,0,0,5430193,False,54,-6715
555,0,0,0,0,5430193,False,44,-5702
556,0,0,0,0,5430193,False,40,-5208
557,0,0,0,0,5430193,True,56,355392
559,0,0,0,0,5430193,False,49,-2645
560,0,0,0,0,5430193,False,43,-4151
561,0,0,0,0,5430193,False,43,-6964
562,0,0,0,0,5430193,False,49,-6882
563,0,0,0,0,5430193,False,45,10878
564,0,0,0,0,5430193,False,39,-15921
565,0,0,0,0,5430193,False,49,9306
567,0,0,0,0,5430193,False,56,122864
568,0,0,0,0,5430193,False,53,-10814
569,0,0,0,0,5430193,False,50,-2660
570,0,0,0,0,5430193,False,47,10370
571,0,0,0,0,5430193,False,40,-28165
572,0,0,0,0,5430193,False,45,26017
573,0,0,0,0,5430193,False,44,14570
574,0,0,0,0,5430193,True,43,-24148
590,0,0,0,0,5430193,False,58,612704
598,0,0,0,0,5430193,False,43,-8681
697,0,0,0,0,5430193,False,45,451
698,0,0,0,0,5430193,False,50,130
704,0,0,0,0,5430193,False,45,2829
715,0,0,0,0,5430193,False,49,960
749,0,0,0,0,5430193,False,45,71
750,0,0,0,0,5430193,False,44,132
751,0,0,0,0,5430193,False,40,821
769,0,0,0,0,5430193,False,45,28
770,0,0,0,0,5430193,False,45,165
787,0,0,0,0,5430193,False,45,23
788,0,0,0,0,5430193,False,40,16
