player_ids,Price Change this night?,Net Transfers In/Out since last price change,Net Transfers In/Out since yesterday,Price Change so far this event ,Total Active players in the game at this point in time (estimate),Player currently flagged as injured,Player prices today,Player prices yesterday,Net Transfers Overall In/Out today,Net Transfers Overall In/Out yesterday
1,0,0,0,0,5596143,False,44,0,-52470,0
2,0,0,0,0,5596143,False,39,0,-7584,0
3,0,0,0,0,5596143,False,44,0,-6296,0
4,0,0,0,0,5596143,False,54,0,-7147,0
5,0,0,0,0,5596143,False,50,0,-1054891,0
6,0,0,0,0,5596143,False,71,0,-304742,0
7,0,0,0,0,5596143,False,80,0,106504,0
8,0,0,0,0,5596143,False,53,0,-9759,0
9,0,0,0,0,5596143,False,43,0,-4396,0
10,0,0,0,0,5596143,False,45,0,-10958,0
11,0,0,0,0,5596143,False,77,0,-823560,0
12,0,0,0,-1,5596143,False,52,0,-19241,0
13,0,0,0,0,5596143,False,85,0,-705406,0
14,0,0,0,0,5596143,True,48,0,-28712,0
15,0,0,0,0,5596143,False,49,0,-5728,0
16,0,0,0,-1,5596143,False,45,0,-1185440,0
17,0,0,0,0,5596143,False,40,0,-10114,0
18,0,0,0,0,5596143,False,91,0,396163,0
19,0,0,0,0,5596143,False,56,0,1706729,0
20,0,0,0,0,5596143,False,53,0,-11234,0
21,0,0,0,0,5596143,False,44,0,-25925,0
22,0,0,0,0,5596143,True,45,0,-8631,0
23,0,0,0,0,5596143,False,65,0,-385751,0
24,0,0,0,0,5596143,False,56,0,114500,0
25,0,0,0,0,5596143,False,60,0,-1218,0
26,0,0,0,0,5596143,False,52,0,348634,0
27,0,0,0,0,5596143,False,49,0,115557,0
28,0,0,0,0,5596143,False,54,0,-185166,0
29,0,0,0,0,5596143,False,48,0,-1326,0
30,0,0,0,0,5596143,True,46,0,-466931,0
31,0,0,0,0,5596143,False,40,0,648,0
32,0,0,0,0,5596143,False,45,0,161,0
33,0,0,0,0,5596143,False,40,0,936,0
34,0,0,0,0,5596143,False,45,0,135,0
35,0,0,0,0,5596143,False,45,0,19,0
36,0,0,0,0,5596143,False,45,0,21,0
37,0,0,0,1,5596143,False,51,0,142941,0
38,0,0,0,0,5596143,False,57,0,284522,0
39,0,0,0,0,5596143,True,57,0,-16356,0
40,0,0,0,0,5596143,False,47,0,840329,0
41,0,0,0,0,5596143,False,39,0,-47731,0
42,0,0,0,0,5596143,False,58,0,-42909,0
43,0,0,0,0,5596143,False,49,0,-18157,0
44,0,0,0,0,5596143,False,49,0,-236,0
45,0,0,0,0,5596143,False,44,0,16383,0
46,0,0,0,0,5596143,True,46,0,141283,0
47,0,0,0,0,5596143,False,56,0,720841,0
48,0,0,0,0,5596143,True,50,0,3720,0
49,0,0,0,0,5596143,False,39,0,-5822,0
50,0,0,0,0,5596143,False,44,0,-2259,0
51,0,0,0,0,5596143,False,50,0,-3589,0
52,0,0,0,0,5596143,False,46,0,213172,0
53,0,0,0,0,5596143,False,52,0,413737,0
54,0,0,0,0,5596143,False,56,0,121725,0
55,0,0,0,0,5596143,True,41,0,-1059466,0
56,0,0,0,0,5596143,False,39,0,-29617,0
57,0,0,0,0,5596143,False,45,0,-10759,0
58,0,0,0,0,5596143,False,59,0,-5362,0
59,0,0,0,0,5596143,False,45,0,-616,0
60,0,0,0,0,5596143,False,40,0,-371,0
61,0,0,0,0,5596143,False,56,0,-75236,0
62,0,0,0,0,5596143,True,50,0,-1943,0
63,0,0,0,0,5596143,False,89,0,3158603,0
64,0,0,0,0,5596143,False,50,0,-782,0
65,0,0,0,0,5596143,True,47,0,195359,0
66,0,0,0,0,5596143,False,66,0,197241,0
67,0,0,0,0,5596143,False,45,0,-724,0
68,0,0,0,0,5596143,False,40,0,898,0
69,0,0,0,0,5596143,False,54,0,1244,0
70,0,0,0,0,5596143,False,40,0,939,0
71,0,0,0,0,5596143,False,45,0,9375,0
72,0,0,0,0,5596143,False,40,0,111,0
73,0,0,0,0,5596143,False,45,0,73,0
74,0,0,0,0,5596143,False,40,0,31,0
75,0,0,0,0,5596143,False,49,0,-11150,0
76,0,0,0,0,5596143,False,52,0,-40585,0
77,0,0,0,0,5596143,False,47,0,-4994,0
78,0,0,0,0,5596143,False,50,0,2994,0
79,0,0,0,0,5596143,False,50,0,-1382,0
80,0,0,0,0,5596143,False,45,0,-392,0
81,0,0,0,0,5596143,True,43,0,-1618,0
82,0,0,0,0,5596143,False,40,0,-15223,0
83,0,0,0,0,5596143,False,45,0,-544,0
84,0,0,0,0,5596143,False,43,0,-2018,0
85,0,0,0,0,5596143,False,46,0,-12302,0
86,0,0,0,0,5596143,False,49,0,-1179,0
87,0,0,0,0,5596143,False,43,0,-180,0
88,0,0,0,0,5596143,False,43,0,-4585,0
89,0,0,0,0,5596143,False,46,0,-28762,0
90,0,0,0,0,5596143,False,46,0,245095,0
91,0,0,0,0,5596143,True,47,0,-4087,0
92,0,0,0,0,5596143,False,45,0,-109,0
93,0,0,0,0,5596143,False,40,0,-19205,0
94,0,0,0,0,5596143,False,48,0,-1034,0
95,0,0,0,-1,5596143,False,45,0,77600,0
96,0,0,0,0,5596143,False,45,0,302256,0
97,0,0,0,0,5596143,False,44,0,8605,0
98,0,0,0,0,5596143,False,71,0,2509538,0
99,0,0,0,0,5596143,False,54,0,63127,0
100,0,0,0,0,5596143,False,47,0,-1499,0
101,0,0,0,0,5596143,False,40,0,-8768,0
102,0,0,0,0,5596143,False,44,0,6911,0
103,0,0,0,0,5596143,False,44,0,-8248,0
104,0,0,0,0,5596143,False,44,0,-3976,0
105,0,0,0,0,5596143,False,40,0,-1694,0
106,0,0,0,0,5596143,True,44,0,-1657,0
107,0,0,0,0,5596143,False,49,0,1594,0
108,0,0,0,0,5596143,True,49,0,24,0
109,0,0,0,0,5596143,False,55,0,1800,0
110,0,0,0,0,5596143,False,44,0,-12317,0
111,0,0,0,0,5596143,False,39,0,-6113,0
112,0,0,0,0,5596143,False,43,0,-205773,0
113,0,0,0,0,5596143,False,40,0,-13237,0
114,0,0,0,0,5596143,False,45,0,-133,0
115,0,0,0,0,5596143,False,50,0,-3527,0
116,0,0,0,0,5596143,False,45,0,3130,0
117,0,0,0,0,5596143,False,40,0,-526,0
118,0,0,0,0,5596143,False,48,0,-8398,0
119,0,0,0,0,5596143,False,47,0,-9631,0
120,0,0,0,0,5596143,False,45,0,-823,0
121,0,0,0,0,5596143,False,45,0,46639,0
122,0,0,0,0,5596143,False,39,0,2015,0
123,0,0,0,0,5596143,True,43,0,-169088,0
124,0,0,0,0,5596143,True,44,0,-19019,0
125,0,0,0,0,5596143,False,53,0,-2905,0
126,0,0,0,0,5596143,False,54,0,-16251,0
127,0,0,0,0,5596143,False,47,0,5296,0
128,0,0,0,0,5596143,True,68,0,-403457,0
129,0,0,0,0,5596143,False,48,0,-443022,0
130,0,0,0,0,5596143,False,54,0,-6370,0
131,0,0,0,0,5596143,True,49,0,-386,0
132,0,0,0,0,5596143,False,46,0,127010,0
133,0,0,0,0,5596143,False,44,0,-927,0
134,0,0,0,-1,5596143,True,52,0,-7500,0
135,0,0,0,0,5596143,False,39,0,133198,0
136,0,0,0,1,5596143,False,80,0,439876,0
137,0,0,0,0,5596143,False,45,0,-1684,0
138,0,0,0,0,5596143,True,57,0,-192626,0
139,0,0,0,0,5596143,False,43,0,-26684,0
140,0,0,0,0,5596143,False,43,0,-3988,0
141,0,0,0,0,5596143,False,49,0,-29524,0
142,0,0,0,0,5596143,False,44,0,-908,0
143,0,0,0,0,5596143,False,45,0,-78,0
144,0,0,0,0,5596143,False,45,0,343,0
145,0,0,0,0,5596143,True,45,0,2778,0
146,0,0,0,0,5596143,True,40,0,664,0
147,0,0,0,0,5596143,False,40,0,1150,0
148,0,0,0,0,5596143,False,45,0,41,0
149,0,0,0,0,5596143,False,40,0,321,0
150,0,0,0,0,5596143,False,40,0,19,0
151,0,0,0,0,5596143,True,50,0,5714,0
152,0,0,0,0,5596143,False,44,0,-10542,0
153,0,0,0,0,5596143,False,45,0,-4543,0
154,0,0,0,0,5596143,False,47,0,-1690,0
155,0,0,0,0,5596143,False,45,0,-3869,0
156,0,0,0,0,5596143,False,48,0,-10200,0
157,0,0,0,0,5596143,False,50,0,-175191,0
158,0,0,0,-1,5596143,True,50,0,-339137,0
159,0,0,0,1,5596143,False,51,0,-2280890,0
160,0,0,0,0,5596143,False,59,0,-175398,0
161,0,0,0,0,5596143,False,49,0,12976,0
162,0,0,0,0,5596143,False,65,0,268659,0
163,0,0,0,1,5596143,False,55,0,-914418,0
164,0,0,0,0,5596143,False,40,0,-2363,0
165,0,0,0,0,5596143,False,45,0,-130,0
166,0,0,0,0,5596143,False,49,0,-3744,0
167,0,0,0,0,5596143,False,39,0,-322624,0
168,0,0,0,0,5596143,True,61,0,-216843,0
169,0,0,0,0,5596143,False,39,0,-163,0
170,0,0,0,0,5596143,False,48,0,-13703,0
171,0,0,0,0,5596143,True,64,0,-2392703,0
172,0,0,0,0,5596143,False,44,0,-3228,0
173,0,0,0,0,5596143,False,45,0,-1568,0
174,0,0,0,0,5596143,False,40,0,-33,0
175,0,0,0,0,5596143,False,42,0,-327054,0
176,0,0,0,0,5596143,False,55,0,-4459,0
177,0,0,0,0,5596143,False,40,0,100133,0
178,0,0,0,0,5596143,True,43,0,-66005,0
179,0,0,0,0,5596143,False,44,0,-14511,0
180,0,0,0,0,5596143,False,42,0,-17429,0
181,0,0,0,0,5596143,False,57,0,-174514,0
182,0,0,0,0,5596143,False,44,0,-76945,0
183,0,0,0,0,5596143,False,43,0,-5269,0
184,0,0,0,0,5596143,False,45,0,11928,0
185,0,0,0,0,5596143,False,45,0,3725,0
186,0,0,0,0,5596143,True,64,0,12182,0
187,0,0,0,0,5596143,False,45,0,1043,0
188,0,0,0,0,5596143,False,45,0,198,0
189,0,0,0,0,5596143,False,40,0,1101,0
190,0,0,0,0,5596143,False,44,0,117,0
191,0,0,0,0,5596143,False,40,0,177,0
192,0,0,0,0,5596143,False,45,0,73,0
193,0,0,0,0,5596143,False,45,0,5,0
194,0,0,0,-1,5596143,False,42,0,-1591,0
195,0,0,0,0,5596143,False,38,0,30453,0
196,0,0,0,0,5596143,False,49,0,-2339,0
197,0,0,0,0,5596143,False,52,0,-13721,0
198,0,0,0,0,5596143,False,40,0,-289404,0
199,0,0,0,0,5596143,False,47,0,-4335,0
200,0,0,0,0,5596143,False,44,0,-2432,0
201,0,0,0,0,5596143,False,48,0,-1984,0
202,0,0,0,0,5596143,False,45,0,-2800,0
203,0,0,0,0,5596143,False,50,0,-3243,0
204,0,0,0,0,5596143,False,39,0,885,0
205,0,0,0,0,5596143,False,39,0,-11843,0
206,0,0,0,0,5596143,False,48,0,5113,0
207,0,0,0,0,5596143,False,39,0,-3043,0
208,0,0,0,0,5596143,False,48,0,-2690,0
209,0,0,0,0,5596143,False,40,0,-1749,0
210,0,0,0,0,5596143,False,43,0,-15644,0
211,0,0,0,0,5596143,False,44,0,-420,0
212,0,0,0,0,5596143,False,49,0,-2993,0
213,0,0,0,0,5596143,False,40,0,-1041,0
214,0,0,0,0,5596143,False,43,0,-16011,0
215,0,0,0,0,5596143,False,53,0,-8652,0
216,0,0,0,0,5596143,False,40,0,388215,0
217,0,0,0,0,5596143,False,40,0,-1359,0
218,0,0,0,0,5596143,False,49,0,-2564,0
219,0,0,0,0,5596143,False,39,0,1724,0
220,0,0,0,0,5596143,False,44,0,-4884,0
221,0,0,0,0,5596143,False,55,0,-14942,0
222,0,0,0,-1,5596143,False,46,0,-10470,0
223,0,0,0,0,5596143,False,50,0,-125,0
224,0,0,0,0,5596143,False,47,0,-8110,0
225,0,0,0,0,5596143,False,53,0,13383,0
226,0,0,0,0,5596143,False,45,0,1045,0
227,0,0,0,0,5596143,False,47,0,-3922,0
228,0,0,0,0,5596143,True,48,0,125,0
229,0,0,0,0,5596143,False,49,0,-520,0
230,0,0,0,0,5596143,False,40,0,-3063,0
231,0,0,0,0,5596143,False,50,0,5987,0
232,0,0,0,0,5596143,False,40,0,1026,0
233,0,0,0,0,5596143,False,50,0,1385,0
234,0,0,0,0,5596143,False,50,0,-49,0
235,0,0,0,0,5596143,False,54,0,457,0
236,0,0,0,-1,5596143,False,45,0,-204989,0
237,0,0,0,-1,5596143,True,45,0,-24442,0
238,0,0,0,0,5596143,False,40,0,-907,0
239,0,0,0,0,5596143,False,43,0,-6228,0
240,0,0,0,0,5596143,False,50,0,-82894,0
241,0,0,0,0,5596143,False,65,0,-2001,0
242,0,0,0,0,5596143,False,45,0,-99,0
243,0,0,0,0,5596143,False,40,0,-288,0
244,0,0,0,0,5596143,False,44,0,4780,0
245,0,0,0,0,5596143,False,40,0,-532,0
246,0,0,0,0,5596143,False,49,0,9553,0
247,0,0,0,0,5596143,False,43,0,-16218,0
248,0,0,0,0,5596143,False,54,0,-1024097,0
249,0,0,0,0,5596143,False,42,0,-179869,0
250,0,0,0,0,5596143,False,47,0,401019,0
251,0,0,0,0,5596143,True,48,0,-30466,0
252,0,0,0,0,5596143,False,48,0,-212105,0
253,0,0,0,0,5596143,True,44,0,-2498,0
254,0,0,0,0,5596143,False,54,0,-9121,0
255,0,0,0,0,5596143,False,42,0,554963,0
256,0,0,0,0,5596143,True,53,0,-1241540,0
257,0,0,0,0,5596143,False,68,0,-52596,0
258,0,0,0,0,5596143,False,53,0,1867,0
259,0,0,0,0,5596143,False,63,0,-185002,0
260,0,0,0,-1,5596143,True,68,0,-1095008,0
261,0,0,0,0,5596143,False,74,0,12195,0
262,0,0,0,0,5596143,False,55,0,-404,0
263,0,0,0,0,5596143,False,43,0,-4841,0
264,0,0,0,0,5596143,False,40,0,-4155,0
265,0,0,0,0,5596143,False,71,0,463956,0
266,0,0,0,0,5596143,False,50,0,55661,0
267,0,0,0,0,5596143,False,54,0,-15420,0
268,0,0,0,1,5596143,False,58,0,3870890,0
269,0,0,0,0,5596143,False,50,0,-998,0
270,0,0,0,0,5596143,False,51,0,-7599,0
271,0,0,0,0,5596143,False,49,0,157027,0
272,0,0,0,0,5596143,True,44,0,-1464,0
273,0,0,0,0,5596143,False,45,0,-9744,0
274,0,0,0,0,5596143,False,39,0,175,0
275,0,0,0,0,5596143,True,49,0,-198,0
276,0,0,0,0,5596143,False,40,0,-359,0
277,0,0,0,0,5596143,False,45,0,1927,0
278,0,0,0,0,5596143,False,40,0,201,0
279,0,0,0,0,5596143,False,45,0,-47,0
280,0,0,0,0,5596143,False,45,0,107044,0
281,0,0,0,0,5596143,False,40,0,742,0
282,0,0,0,0,5596143,False,45,0,1147,0
283,0,0,0,0,5596143,False,45,0,154,0
284,0,0,0,0,5596143,False,40,0,288,0
285,0,0,0,0,5596143,False,45,0,49,0
286,0,0,0,0,5596143,False,45,0,4,0
287,0,0,0,0,5596143,True,43,0,-9902,0
288,0,0,0,0,5596143,False,43,0,28087,0
289,0,0,0,-1,5596143,False,48,0,1347015,0
290,0,0,0,0,5596143,False,54,0,-12520,0
291,0,0,0,0,5596143,False,44,0,-4147,0
292,0,0,0,0,5596143,True,49,0,-3416,0
293,0,0,0,0,5596143,False,44,0,-3807,0
294,0,0,0,0,5596143,False,54,0,-73748,0
295,0,0,0,0,5596143,False,60,0,-1204380,0
296,0,0,0,0,5596143,False,44,0,-67811,0
297,0,0,0,-1,5596143,False,44,0,155710,0
298,0,0,0,0,5596143,False,49,0,-24,0
299,0,0,0,0,5596143,False,45,0,11013,0
300,0,0,0,0,5596143,False,47,0,-26685,0
301,0,0,0,0,5596143,False,49,0,25476,0
302,0,0,0,0,5596143,False,39,0,-2390,0
303,0,0,0,-1,5596143,False,46,0,282274,0
304,0,0,0,0,5596143,False,40,0,-9895,0
305,0,0,0,0,5596143,False,59,0,110883,0
306,0,0,0,0,5596143,False,45,0,-1551,0
307,0,0,0,0,5596143,False,39,0,10583,0
308,0,0,0,0,5596143,False,43,0,-1686,0
309,0,0,0,0,5596143,False,49,0,-7690,0
310,0,0,0,0,5596143,False,40,0,-47228,0
311,0,0,0,0,5596143,True,45,0,-10004,0
312,0,0,0,0,5596143,False,39,0,-27667,0
313,0,0,0,0,5596143,False,44,0,-9486,0
314,0,0,0,0,5596143,False,48,0,-649,0
315,0,0,0,0,5596143,False,45,0,344,0
316,0,0,0,0,5596143,False,45,0,-2361,0
317,0,0,0,0,5596143,False,45,0,1276,0
318,0,0,0,0,5596143,False,45,0,201,0
319,0,0,0,0,5596143,False,45,0,185,0
320,0,0,0,0,5596143,False,40,0,476,0
321,0,0,0,0,5596143,True,44,0,-15707,0
322,0,0,0,0,5596143,False,41,0,300894,0
323,0,0,0,0,5596143,False,58,0,-6147,0
324,0,0,0,0,5596143,False,44,0,-3188,0
325,0,0,0,0,5596143,True,48,0,-2843,0
326,0,0,0,0,5596143,True,55,0,26854,0
327,0,0,0,0,5596143,False,49,0,3316,0
328,0,0,0,0,5596143,False,44,0,-2141,0
329,0,0,0,0,5596143,False,43,0,-7685,0
330,0,0,0,0,5596143,False,53,0,-29032,0
331,0,0,0,0,5596143,True,48,0,-2842,0
332,0,0,0,0,5596143,False,40,0,-131754,0
333,0,0,0,0,5596143,False,43,0,-9074,0
334,0,0,0,0,5596143,False,54,0,33512,0
335,0,0,0,0,5596143,False,46,0,555577,0
336,0,0,0,0,5596143,False,47,0,-11052,0
337,0,0,0,0,5596143,False,44,0,-7253,0
338,0,0,0,0,5596143,False,45,0,-454886,0
339,0,0,0,0,5596143,False,45,0,-3623,0
340,0,0,0,1,5596143,False,46,0,383926,0
341,0,0,0,0,5596143,False,39,0,-7434,0
342,0,0,0,0,5596143,False,39,0,-1662,0
343,0,0,0,0,5596143,False,44,0,-43833,0
344,0,0,0,0,5596143,False,52,0,-8409,0
345,0,0,0,0,5596143,False,45,0,765,0
346,0,0,0,0,5596143,False,48,0,-2763,0
347,0,0,0,0,5596143,False,45,0,-1308,0
348,0,0,0,-1,5596143,False,44,0,42,0
349,0,0,0,0,5596143,False,55,0,11340,0
350,0,0,0,0,5596143,False,57,0,6834,0
351,0,0,0,0,5596143,False,45,0,219,0
352,0,0,0,0,5596143,False,45,0,27,0
353,0,0,0,0,5596143,False,40,0,292,0
354,0,0,0,0,5596143,True,53,0,-37354,0
355,0,0,0,0,5596143,False,53,0,-11753,0
356,0,0,0,0,5596143,False,49,0,4328,0
357,0,0,0,0,5596143,False,50,0,-1004,0
358,0,0,0,0,5596143,False,53,0,-1898,0
359,0,0,0,0,5596143,False,44,0,-26048,0
360,0,0,0,0,5596143,False,44,0,-1488,0
361,0,0,0,0,5596143,False,44,0,-7044,0
362,0,0,0,0,5596143,False,40,0,-9521,0
363,0,0,0,0,5596143,False,48,0,749709,0
364,0,0,0,0,5596143,False,43,0,-15800,0
365,0,0,0,0,5596143,False,40,0,-37292,0
366,0,0,0,0,5596143,False,74,0,-340822,0
367,0,0,0,0,5596143,False,44,0,-15379,0
368,0,0,0,0,5596143,False,50,0,6986,0
369,0,0,0,0,5596143,False,45,0,-2463,0
370,0,0,0,0,5596143,False,45,0,-59878,0
371,0,0,0,0,5596143,False,44,0,65885,0
372,0,0,0,0,5596143,False,39,0,-7879,0
373,0,0,0,0,5596143,False,44,0,-35405,0
374,0,0,0,0,5596143,False,43,0,14434,0
375,0,0,0,0,5596143,False,46,0,-269598,0
376,0,0,0,0,5596143,True,53,0,-3395,0
377,0,0,0,0,5596143,False,52,0,39792,0
378,0,0,0,0,5596143,False,53,0,2515,0
379,0,0,0,0,5596143,True,44,0,-18651,0
380,0,0,0,-1,5596143,False,39,0,-1332,0
381,0,0,0,0,5596143,False,45,0,-749,0
382,0,0,0,0,5596143,False,45,0,20,0
383,0,0,0,0,5596143,True,49,0,-647,0
384,0,0,0,0,5596143,False,45,0,639,0
385,0,0,0,0,5596143,False,45,0,52706,0
386,0,0,0,0,5596143,False,40,0,1183,0
387,0,0,0,0,5596143,True,45,0,496,0
388,0,0,0,0,5596143,False,40,0,474,0
389,0,0,0,0,5596143,False,39,0,-8849,0
390,0,0,0,0,5596143,False,85,0,277507,0
391,0,0,0,0,5596143,False,57,0,347734,0
392,0,0,0,0,5596143,True,47,0,-3957,0
393,0,0,0,0,5596143,False,74,0,135895,0
394,0,0,0,1,5596143,False,79,0,559491,0
395,0,0,0,0,5596143,False,48,0,-7368,0
396,0,0,0,0,5596143,False,50,0,-1104,0
397,0,0,0,0,5596143,False,72,0,-416439,0
398,0,0,0,0,5596143,False,45,0,119977,0
399,0,0,0,0,5596143,False,50,0,-810,0
400,0,0,0,0,5596143,False,49,0,-1859,0
401,0,0,0,0,5596143,False,37,0,106455,0
402,0,0,0,0,5596143,False,49,0,12828,0
403,0,0,0,1,5596143,False,74,0,21828,0
404,0,0,0,0,5596143,False,58,0,-846227,0
405,0,0,0,-1,5596143,True,48,0,-11697,0
406,0,0,0,0,5596143,False,40,0,-16251,0
407,0,0,0,0,5596143,False,64,0,-248175,0
408,0,0,0,-1,5596143,True,131,0,-422595,0
409,0,0,0,0,5596143,False,71,0,-18669,0
410,0,0,0,-1,5596143,True,47,0,-17688,0
411,0,0,0,0,5596143,True,46,0,200647,0
412,0,0,0,0,5596143,False,40,0,-2449,0
413,0,0,0,0,5596143,False,63,0,452306,0
414,0,0,0,0,5596143,False,40,0,6525,0
415,0,0,0,0,5596143,False,44,0,-684,0
416,0,0,0,0,5596143,True,44,0,-2798,0
417,0,0,0,0,5596143,False,44,0,-546,0
418,0,0,0,0,5596143,True,54,0,1120,0
419,0,0,0,0,5596143,False,50,0,4803,0
420,0,0,0,0,5596143,False,40,0,398,0
421,0,0,0,0,5596143,False,39,0,198,0
422,0,0,0,0,5596143,False,45,0,33,0
423,0,0,0,0,5596143,False,40,0,8,0
424,0,0,0,0,5596143,False,40,0,11230,0
425,0,0,0,0,5596143,False,45,0,39,0
426,0,0,0,0,5596143,False,45,0,17,0
427,0,0,0,0,5596143,False,49,0,-852,0
428,0,0,0,0,5596143,True,44,0,-65535,0
429,0,0,0,0,5596143,False,48,0,-1255,0
430,0,0,0,0,5596143,True,39,0,-9739,0
431,0,0,0,0,5596143,False,39,0,-470933,0
432,0,0,0,-1,5596143,False,46,0,-5051,0
433,0,0,0,0,5596143,False,40,0,1995,0
434,0,0,0,0,5596143,False,49,0,-3699,0
435,0,0,0,0,5596143,False,48,0,-917,0
436,0,0,0,0,5596143,False,45,0,424571,0
437,0,0,0,0,5596143,False,49,0,-1868,0
438,0,0,0,0,5596143,False,40,0,-42347,0
439,0,0,0,0,5596143,False,45,0,-229197,0
440,0,0,0,0,5596143,False,45,0,-1469,0
441,0,0,0,0,5596143,False,50,0,39402,0
442,0,0,0,0,5596143,False,45,0,-17362,0
443,0,0,0,0,5596143,False,49,0,-5461,0
444,0,0,0,0,5596143,False,50,0,-203,0
445,0,0,0,0,5596143,False,44,0,1080,0
446,0,0,0,0,5596143,False,45,0,-16669,0
447,0,0,0,0,5596143,False,44,0,-15857,0
448,0,0,0,0,5596143,False,39,0,-2167,0
449,0,0,0,0,5596143,False,44,0,-4442,0
450,0,0,0,0,5596143,False,43,0,-9999,0
451,0,0,0,0,5596143,False,45,0,-25302,0
452,0,0,0,0,5596143,False,45,0,-596,0
453,0,0,0,0,5596143,False,40,0,-826,0
454,0,0,0,0,5596143,False,44,0,-25120,0
455,0,0,0,-1,5596143,False,43,0,-22031,0
456,0,0,0,0,5596143,False,40,0,174231,0
457,0,0,0,-1,5596143,False,42,0,-8709,0
458,0,0,0,-1,5596143,True,42,0,-7167,0
459,0,0,0,0,5596143,False,47,0,-3366,0
460,0,0,0,-1,5596143,False,47,0,-6661,0
461,0,0,0,0,5596143,True,40,0,-240500,0
462,0,0,0,0,5596143,False,45,0,13004,0
463,0,0,0,0,5596143,False,49,0,13029,0
464,0,0,0,0,5596143,True,49,0,141,0
465,0,0,0,0,5596143,False,40,0,-692,0
466,0,0,0,0,5596143,False,44,0,-123,0
467,0,0,0,0,5596143,False,40,0,1077,0
468,0,0,0,0,5596143,False,50,0,18629,0
469,0,0,0,0,5596143,False,45,0,171,0
470,0,0,0,0,5596143,False,45,0,246,0
471,0,0,0,0,5596143,False,49,0,-123752,0
472,0,0,0,0,5596143,False,50,0,69722,0
473,0,0,0,0,5596143,False,70,0,2916811,0
474,0,0,0,0,5596143,False,65,0,90203,0
475,0,0,0,0,5596143,False,44,0,2213,0
476,0,0,0,0,5596143,False,58,0,-250039,0
477,0,0,0,0,5596143,False,39,0,-1482,0
478,0,0,0,0,5596143,False,45,0,-36,0
479,0,0,0,3,5596143,False,106,0,788965,0
480,0,0,0,0,5596143,False,55,0,-154452,0
481,0,0,0,0,5596143,False,55,0,-204497,0
482,0,0,0,1,5596143,False,80,0,1991232,0
483,0,0,0,0,5596143,False,72,0,-382411,0
484,0,0,0,0,5596143,False,139,0,-3678944,0
485,0,0,0,0,5596143,False,47,0,-75492,0
486,0,0,0,0,5596143,False,49,0,-32109,0
487,0,0,0,0,5596143,False,43,0,-16855,0
488,0,0,0,0,5596143,False,75,0,-5584,0
489,0,0,0,0,5596143,False,38,0,-1945,0
490,0,0,0,0,5596143,False,44,0,-1937,0
491,0,0,0,0,5596143,False,56,0,-73520,0
492,0,0,0,-1,5596143,False,38,0,-19624,0
493,0,0,0,0,5596143,False,39,0,341,0
494,0,0,0,0,5596143,False,53,0,-2138333,0
495,0,0,0,0,5596143,False,54,0,1228350,0
496,0,0,0,0,5596143,False,48,0,-15251,0
497,0,0,0,0,5596143,False,48,0,-64857,0
498,0,0,0,0,5596143,False,65,0,213021,0
499,0,0,0,0,5596143,False,45,0,28,0
500,0,0,0,0,5596143,False,45,0,28,0
501,0,0,0,0,5596143,False,68,0,-258181,0
502,0,0,0,0,5596143,False,45,0,-715,0
503,0,0,0,0,5596143,False,44,0,-2594,0
504,0,0,0,0,5596143,False,68,0,-83427,0
505,0,0,0,0,5596143,False,82,0,-1563886,0
506,0,0,0,0,5596143,False,40,0,-11686,0
507,0,0,0,0,5596143,False,40,0,-13676,0
508,0,0,0,0,5596143,False,53,0,-304801,0
509,0,0,0,0,5596143,False,51,0,122886,0
510,0,0,0,0,5596143,False,58,0,-31137,0
511,0,0,0,0,5596143,False,40,0,-20331,0
512,0,0,0,0,5596143,False,50,0,-10484,0
513,0,0,0,0,5596143,False,48,0,302183,0
514,0,0,0,0,5596143,False,43,0,3527,0
515,0,0,0,0,5596143,False,40,0,-5446,0
516,0,0,0,0,5596143,False,45,0,-2018,0
517,0,0,0,0,5596143,False,42,0,36951,0
518,0,0,0,0,5596143,False,44,0,12155,0
519,0,0,0,0,5596143,False,43,0,-4095,0
520,0,0,0,0,5596143,True,64,0,-13905,0
521,0,0,0,0,5596143,False,47,0,-489571,0
522,0,0,0,-1,5596143,False,46,0,112001,0
523,0,0,0,-1,5596143,False,42,0,2547,0
524,0,0,0,0,5596143,False,49,0,-168878,0
525,0,0,0,0,5596143,False,84,0,-3456346,0
526,0,0,0,0,5596143,False,67,0,-62642,0
527,0,0,0,0,5596143,False,52,0,-2060766,0
528,0,0,0,0,5596143,False,44,0,-849,0
529,0,0,0,0,5596143,False,47,0,-3232,0
530,0,0,0,0,5596143,False,44,0,-110038,0
531,0,0,0,0,5596143,False,48,0,-1553210,0
532,0,0,0,0,5596143,False,68,0,179146,0
533,0,0,0,0,5596143,False,44,0,-474,0
534,0,0,0,0,5596143,False,40,0,835,0
535,0,0,0,0,5596143,False,45,0,90,0
536,0,0,0,0,5596143,False,40,0,9550,0
537,0,0,0,0,5596143,False,40,0,90818,0
538,0,0,0,0,5596143,True,50,0,3676,0
539,0,0,0,0,5596143,False,45,0,226,0
540,0,0,0,0,5596143,False,40,0,370,0
541,0,0,0,0,5596143,False,40,0,73,0
542,0,0,0,0,5596143,False,43,0,-10014,0
543,0,0,0,0,5596143,False,62,0,-385822,0
544,0,0,0,0,5596143,True,42,0,-397454,0
545,0,0,0,0,5596143,False,40,0,-2268,0
546,0,0,0,0,5596143,False,45,0,-1205292,0
547,0,0,0,0,5596143,False,58,0,-148673,0
548,0,0,0,0,5596143,False,44,0,105675,0
549,0,0,0,0,5596143,False,40,0,-968,0
550,0,0,0,0,5596143,False,42,0,757269,0
551,0,0,0,0,5596143,False,49,0,-3918,0
552,0,0,0,0,5596143,False,39,0,-383,0
553,0,0,0,0,5596143,False,61,0,1959158,0
554,0,0,0,0,5596143,False,44,0,-3926,0
555,0,0,0,0,5596143,False,44,0,-4256,0
556,0,0,0,0,5596143,False,76,0,-545590,0
557,0,0,0,0,5596143,True,58,0,-71742,0
558,0,0,0,0,5596143,False,44,0,-573,0
559,0,0,0,0,5596143,False,45,0,-644,0
560,0,0,0,0,5596143,False,41,0,430164,0
561,0,0,0,0,5596143,False,40,0,-862,0
562,0,0,0,0,5596143,False,48,0,7038,0
563,0,0,0,0,5596143,False,40,0,-3138,0
564,0,0,0,0,5596143,False,48,0,-15723,0
565,0,0,0,0,5596143,True,53,0,-638256,0
566,0,0,0,0,5596143,False,43,0,-5931,0
567,0,0,0,0,5596143,False,60,0,-5363,0
568,0,0,0,0,5596143,False,52,0,289283,0
569,0,0,0,0,5596143,True,42,0,-12053,0
570,0,0,0,0,5596143,False,52,0,-151626,0
571,0,0,0,0,5596143,False,67,0,416292,0
572,0,0,0,0,5596143,False,40,0,-8206,0
573,0,0,0,0,5596143,True,53,0,-16706,0
574,0,0,0,0,5596143,True,78,0,-562657,0
575,0,0,0,0,5596143,False,39,0,-3134,0
576,0,0,0,0,5596143,False,39,0,9348,0
577,0,0,0,0,5596143,True,62,0,-251043,0
578,0,0,0,-1,5596143,False,43,0,97512,0
579,0,0,0,0,5596143,False,39,0,380,0
580,0,0,0,0,5596143,False,45,0,12848,0
581,0,0,0,0,5596143,False,45,0,327,0
582,0,0,0,0,5596143,False,45,0,989,0
583,0,0,0,0,5596143,False,44,0,641,0
584,0,0,0,0,5596143,False,40,0,-8669,0
585,0,0,0,0,5596143,False,39,0,-77720,0
586,0,0,0,0,5596143,False,47,0,125,0
587,0,0,0,0,5596143,False,51,0,82087,0
588,0,0,0,0,5596143,False,45,0,-1131,0
589,0,0,0,0,5596143,False,43,0,2963,0
590,0,0,0,0,5596143,True,45,0,-3480,0
591,0,0,0,0,5596143,False,63,0,-25320,0
592,0,0,0,0,5596143,False,39,0,-7811,0
593,0,0,0,0,5596143,True,45,0,7854,0
594,0,0,0,0,5596143,False,45,0,-346,0
595,0,0,0,0,5596143,False,45,0,-2326,0
596,0,0,0,0,5596143,False,53,0,-8266,0
597,0,0,0,0,5596143,False,48,0,-45258,0
598,0,0,0,0,5596143,False,40,0,-9802,0
599,0,0,0,0,5596143,False,44,0,-2143,0
600,0,0,0,0,5596143,False,49,0,-1868,0
601,0,0,0,0,5596143,False,57,0,-99509,0
602,0,0,0,0,5596143,False,40,0,-11539,0
603,0,0,0,0,5596143,False,43,0,-6262,0
604,0,0,0,0,5596143,True,48,0,-1549,0
605,0,0,0,0,5596143,False,45,0,-497,0
606,0,0,0,0,5596143,False,50,0,-819,0
607,0,0,0,0,5596143,False,40,0,-7127,0
608,0,0,0,0,5596143,False,44,0,-4537,0
609,0,0,0,0,5596143,False,44,0,-2463,0
610,0,0,0,0,5596143,True,45,0,-1210,0
611,0,0,0,0,5596143,False,49,0,-1133,0
612,0,0,0,0,5596143,False,45,0,-388,0
613,0,0,0,0,5596143,False,40,0,-8868,0
614,0,0,0,0,5596143,False,44,0,-3785,0
615,0,0,0,0,5596143,False,45,0,-5060,0
616,0,0,0,0,5596143,False,48,0,-2553,0
617,0,0,0,0,5596143,False,45,0,-27157,0
618,0,0,0,0,5596143,False,44,0,7348,0
619,0,0,0,0,5596143,False,44,0,-104453,0
620,0,0,0,0,5596143,False,43,0,-11188,0
621,0,0,0,1,5596143,False,50,0,114786,0
622,0,0,0,0,5596143,False,43,0,-4027,0
623,0,0,0,0,5596143,False,48,0,-2178,0
624,0,0,0,0,5596143,True,45,0,6041,0
625,0,0,0,0,5596143,False,39,0,-1248,0
626,0,0,0,0,5596143,False,39,0,-672,0
627,0,0,0,0,5596143,False,44,0,5930,0
628,0,0,0,0,5596143,False,45,0,5506,0
629,0,0,0,0,5596143,False,45,0,3159,0
630,0,0,0,0,5596143,False,45,0,-73,0
631,0,0,0,0,5596143,False,50,0,2065,0
632,0,0,0,0,5596143,True,49,0,151,0
633,0,0,0,0,5596143,True,50,0,3250,0
634,0,0,0,0,5596143,False,45,0,11,0
635,0,0,0,0,5596143,False,45,0,30,0
636,0,0,0,0,5596143,False,45,0,23,0
637,0,0,0,0,5596143,False,39,0,122027,0
638,0,0,0,-1,5596143,False,44,0,107560,0
639,0,0,0,0,5596143,False,44,0,62951,0
640,0,0,0,0,5596143,False,43,0,-26917,0
641,0,0,0,0,5596143,False,39,0,-1169,0
642,0,0,0,-1,5596143,True,38,0,-738649,0
643,0,0,0,0,5596143,True,39,0,-13640,0
644,0,0,0,0,5596143,False,45,0,2508,0
645,0,0,0,0,5596143,False,49,0,-5088,0
646,0,0,0,0,5596143,False,44,0,-1603,0
647,0,0,0,0,5596143,False,40,0,-5487,0
648,0,0,0,0,5596143,True,43,0,-10598,0
649,0,0,0,0,5596143,False,49,0,-630,0
650,0,0,0,0,5596143,False,45,0,-1632,0
651,0,0,0,0,5596143,False,48,0,-969,0
652,0,0,0,0,5596143,False,43,0,-5629,0
653,0,0,0,0,5596143,False,54,0,-1766,0
654,0,0,0,0,5596143,False,55,0,-2149,0
655,0,0,0,0,5596143,False,39,0,9224,0
656,0,0,0,0,5596143,False,48,0,-442,0
657,0,0,0,0,5596143,False,48,0,-2007,0
658,0,0,0,0,5596143,False,43,0,-32452,0
659,0,0,0,0,5596143,False,44,0,-2634,0
660,0,0,0,0,5596143,False,47,0,-4503,0
661,0,0,0,0,5596143,False,43,0,-3159,0
662,0,0,0,0,5596143,False,51,0,-5045,0
663,0,0,0,0,5596143,False,50,0,73,0
664,0,0,0,-1,5596143,False,39,0,647,0
665,0,0,0,0,5596143,False,45,0,-1225,0
666,0,0,0,0,5596143,False,44,0,809,0
667,0,0,0,0,5596143,False,44,0,677,0
668,0,0,0,0,5596143,False,50,0,8466,0
669,0,0,0,0,5596143,False,50,0,-117,0
670,0,0,0,0,5596143,False,40,0,2904,0
671,0,0,0,0,5596143,False,45,0,98,0
672,0,0,0,0,5596143,False,40,0,404,0
673,0,0,0,0,5596143,False,44,0,39,0
674,0,0,0,0,5596143,False,50,0,5781,0
675,0,0,0,0,5596143,False,45,0,30,0
676,0,0,0,0,5596143,False,58,0,7340,0
677,0,0,0,0,5596143,False,39,0,-5637,0
678,0,0,0,0,5596143,False,54,0,2119,0
679,0,0,0,0,5596143,True,50,0,-11462,0
680,0,0,0,0,5596143,False,49,0,39,0
681,0,0,0,0,5596143,False,43,0,-34375,0
682,0,0,0,0,5596143,False,42,0,-68896,0
683,0,0,0,-1,5596143,False,43,0,-29592,0
684,0,0,0,-1,5596143,False,38,0,-188191,0
685,0,0,0,0,5596143,False,52,0,-34599,0
686,0,0,0,0,5596143,False,125,0,-320518,0
687,0,0,0,0,5596143,False,71,0,209581,0
688,0,0,0,-1,5596143,False,47,0,-36742,0
689,0,0,0,0,5596143,True,48,0,-5230,0
690,0,0,0,0,5596143,False,78,0,-560815,0
691,0,0,0,0,5596143,False,44,0,-37622,0
692,0,0,0,1,5596143,False,59,0,3178470,0
693,0,0,0,0,5596143,False,47,0,-232453,0
694,0,0,0,1,5596143,False,70,0,854871,0
695,0,0,0,0,5596143,False,40,0,-14270,0
696,0,0,0,0,5596143,False,49,0,356597,0
697,0,0,0,0,5596143,False,44,0,-12487,0
698,0,0,0,-1,5596143,True,44,0,26342,0
699,0,0,0,0,5596143,False,44,0,-347,0
700,0,0,0,0,5596143,False,46,0,-15389,0
701,0,0,0,-1,5596143,True,97,0,1076079,0
702,0,0,0,0,5596143,False,40,0,-39704,0
703,0,0,0,0,5596143,False,40,0,-55739,0
704,0,0,0,0,5596143,False,48,0,653882,0
705,0,0,0,0,5596143,False,53,0,693678,0
706,0,0,0,0,5596143,True,39,0,-6690,0
707,0,0,0,0,5596143,True,51,0,-9760,0
708,0,0,0,0,5596143,False,44,0,58280,0
709,0,0,0,0,5596143,False,45,0,-22564,0
710,0,0,0,0,5596143,True,54,0,-3293,0
711,0,0,0,0,5596143,False,40,0,1710,0
712,0,0,0,0,5596143,False,45,0,1706,0
713,0,0,0,0,5596143,False,40,0,521,0
714,0,0,0,0,5596143,False,45,0,106,0
715,0,0,0,0,5596143,False,65,0,83543,0
716,0,0,0,0,5596143,False,45,0,5263,0
717,0,0,0,0,5596143,False,47,0,-1633,0
718,0,0,0,0,5596143,True,45,0,-18777,0
719,0,0,0,0,5596143,False,57,0,-133499,0
720,0,0,0,0,5596143,False,42,0,1521031,0
721,0,0,0,0,5596143,False,56,0,-56296,0
722,0,0,0,0,5596143,False,81,0,2220617,0
723,0,0,0,0,5596143,False,52,0,-4352,0
724,0,0,0,0,5596143,False,47,0,297201,0
725,0,0,0,0,5596143,False,43,0,-3704,0
726,0,0,0,0,5596143,False,42,0,-63735,0
727,0,0,0,0,5596143,False,50,0,-1874,0
728,0,0,0,1,5596143,False,46,0,276505,0
729,0,0,0,0,5596143,False,42,0,-164982,0
730,0,0,0,0,5596143,False,46,0,-5818,0
731,0,0,0,0,5596143,False,56,0,-124357,0
732,0,0,0,0,5596143,False,44,0,-3400,0
733,0,0,0,0,5596143,False,42,0,-8595,0
734,0,0,0,0,5596143,False,42,0,-619512,0
735,0,0,0,0,5596143,False,60,0,-36651,0
736,0,0,0,0,5596143,False,60,0,-4973,0
737,0,0,0,0,5596143,False,49,0,36205,0
738,0,0,0,0,5596143,False,45,0,-13683,0
739,0,0,0,0,5596143,False,45,0,32048,0
740,0,0,0,0,5596143,False,43,0,-1277,0
741,0,0,0,0,5596143,False,50,0,-1325,0
742,0,0,0,0,5596143,False,40,0,1098,0
743,0,0,0,0,5596143,False,60,0,752281,0
744,0,0,0,0,5596143,False,45,0,21638,0
745,0,0,0,0,5596143,False,68,0,299846,0
746,0,0,0,0,5596143,False,45,0,28,0
747,0,0,0,0,5596143,False,40,0,216,0
748,0,0,0,0,5596143,False,40,0,30,0
749,0,0,0,0,5596143,False,45,0,43,0
750,0,0,0,0,5596143,False,44,0,1795,0
751,0,0,0,0,5596143,False,45,0,-9545,0
752,0,0,0,0,5596143,False,39,0,59147,0
753,0,0,0,0,5596143,False,40,0,-46782,0
754,0,0,0,0,5596143,False,44,0,-6778,0
755,0,0,0,0,5596143,False,45,0,-748,0
756,0,0,0,0,5596143,False,45,0,-1932,0
757,0,0,0,0,5596143,False,45,0,61563,0
758,0,0,0,0,5596143,False,52,0,-15634,0
759,0,0,0,0,5596143,False,54,0,-6714,0
760,0,0,0,0,5596143,False,44,0,-5691,0
761,0,0,0,0,5596143,False,40,0,-5196,0
762,0,0,0,-1,5596143,True,56,0,421148,0
763,0,0,0,0,5596143,False,49,0,-2640,0
764,0,0,0,0,5596143,False,43,0,-4136,0
765,0,0,0,0,5596143,False,43,0,-6893,0
766,0,0,0,0,5596143,False,49,0,-6687,0
767,0,0,0,0,5596143,False,45,0,10905,0
768,0,0,0,0,5596143,False,39,0,-15869,0
769,0,0,0,0,5596143,False,49,0,9461,0
770,0,0,0,0,5596143,False,56,0,116823,0
771,0,0,0,0,5596143,False,53,0,-10810,0
772,0,0,0,0,5596143,False,50,0,-3052,0
773,0,0,0,0,5596143,False,47,0,13024,0
774,0,0,0,0,5596143,False,40,0,-28084,0
775,0,0,0,0,5596143,False,45,0,25670,0
776,0,0,0,0,5596143,False,44,0,14548,0
777,0,0,0,0,5596143,True,43,0,-23846,0
778,0,0,0,0,5596143,False,58,0,632401,0
779,0,0,0,0,5596143,False,43,0,-9628,0
780,0,0,0,0,5596143,False,45,0,466,0
781,0,0,0,0,5596143,False,50,0,133,0
782,0,0,0,0,5596143,False,45,0,2828,0
783,0,0,0,0,5596143,False,49,0,986,0
784,0,0,0,0,5596143,False,45,0,72,0
785,0,0,0,0,5596143,False,44,0,133,0
786,0,0,0,0,5596143,False,40,0,828,0
787,0,0,0,0,5596143,False,45,0,29,0
788,0,0,0,0,5596143,False,45,0,175,0
789,0,0,0,0,5596143,False,45,0,9,0
790,0,0,0,0,5596143,False,40,0,16,0
